tree
version=v4
num_class=1
num_tree_per_iteration=1
label_index=0
max_feature_idx=185
objective=lambdarank
feature_names=KMID KLEN KMID2 KUP KUP2 KLOW KLOW2 KSFT KSFT2 OPEN0 HIGH0 LOW0 VWAP0 ROC5 ROC10 ROC20 ROC30 ROC60 MA5 MA10 MA20 MA30 MA60 STD5 STD10 STD20 STD30 STD60 BETA5 BETA10 BETA20 BETA30 BETA60 RSQR5 RSQR10 RSQR20 RSQR30 RSQR60 RESI5 RESI10 RESI20 RESI30 RESI60 MAX5 MAX10 MAX20 MAX30 MAX60 MIN5 MIN10 MIN20 MIN30 MIN60 QTLU5 QTLU10 QTLU20 QTLU30 QTLU60 QTLD5 QTLD10 QTLD20 QTLD30 QTLD60 RANK5 RANK10 RANK20 RANK30 RANK60 RSV5 RSV10 RSV20 RSV30 RSV60 IMAX5 IMAX10 IMAX20 IMAX30 IMAX60 IMIN5 IMIN10 IMIN20 IMIN30 IMIN60 IMXD5 IMXD10 IMXD20 IMXD30 IMXD60 CORR5 CORR10 CORR20 CORR30 CORR60 CORD5 CORD10 CORD20 CORD30 CORD60 CNTP5 CNTP10 CNTP20 CNTP30 CNTP60 CNTN5 CNTN10 CNTN20 CNTN30 CNTN60 CNTD5 CNTD10 CNTD20 CNTD30 CNTD60 SUMP5 SUMP10 SUMP20 SUMP30 SUMP60 SUMN5 SUMN10 SUMN20 SUMN30 SUMN60 SUMD5 SUMD10 SUMD20 SUMD30 SUMD60 VMA5 VMA10 VMA20 VMA30 VMA60 VSTD5 VSTD10 VSTD20 VSTD30 VSTD60 WVMA5 WVMA10 WVMA20 WVMA30 WVMA60 VSUMP5 VSUMP10 VSUMP20 VSUMP30 VSUMP60 VSUMN5 VSUMN10 VSUMN20 VSUMN30 VSUMN60 VSUMD5 VSUMD10 VSUMD20 VSUMD30 VSUMD60 sma_5 sma_20 ema_12 ema_26 rsi macd macd_signal volume_change obv volume_ma_5 volume_ma_20 volume_ratio kdj_k kdj_d kdj_j boll_mid boll_std atr_14 ema_60 volatility_10 volatility_20 return_1 return_5 return_10 high_low_spread open_close_spread high_close_spread low_close_spread
feature_infos=[-0.1851174384355545:0.26440867781639099] [0:0.34263637661933899] [-1:1] [0:0.21086370944976807] [0:1] [0:0.18513111770153046] [0:1] [-0.20498695969581604:0.27926316857337952] [-1:1] [0.79088354110717773:1.2271707057952881] [1:1.2614867687225342] [0.77913534641265869:1] [0.0039599994197487831:1.0766681432723999] [0.49096879363059998:1.6470959186553955] [0.41887548565864563:1.8109378814697266] [0.41767069697380066:2.05173659324646] [0.31586337089538574:1.845423698425293] [0.25234821438789368:2.1171133518218994] [0.72331690788269043:1.4004418849945068] [0.58596056699752808:1.5336489677429199] [0.50841540098190308:1.5643855333328247] [0.48044717311859131:1.5636579990386963] [0.44331860542297363:1.6244075298309326] [0:0.25765851140022278] [0.0013698749244213104:0.2908402681350708] [0.0021318360231816769:0.3166847825050354] [0.0028515912126749754:0.32699546217918396] [0.0050650457851588726:0.3421909511089325] [-0.17381478846073151:0.12348112463951111] [-0.09444938600063324:0.081327140331268311] [-0.052819482982158661:0.038835182785987854] [-0.031907089054584503:0.027242248877882957] [-0.019352987408638:0.01694936491549015] none none none none none [-0.15708029270172119:0.11693990230560303] [-0.26634526252746582:0.17684683203697205] [-0.48113274574279785:0.31242084503173828] [-0.51620316505432129:0.38543885946273804] [-0.67251396179199219:0.47038593888282776] [1:1.6666666269302368] [1:1.7929294109344482] [1:2.1007692813873291] [1:2.1563169956207275] [1:2.3092782497406006] [0.49196788668632507:1] [0.42008033394813538:1] [0.4140562117099762:1] [0.30997225642204285:1] [0.25005796551704407:1] [0.86654138565063477:1.5930554866790771] [0.72215074300765991:1.6717171669006348] [0.52364528179168701:1.875638484954834] [0.45287355780601501:1.8681114912033081] [0.43212851881980896:1.9021306037902832] [0.56502461433410645:1.2000733613967896] [0.43212851881980896:1.5] [0.42008033394813538:1.4578282833099365] [0.40935412049293518:1.4437965154647827] [0.30465635657310486:1.4495540857315063] [0.20000000298023224:1] [0.10000000149011612:1] [0.05000000074505806:1] [0.033333335071802139:1] [0.01666666753590107:1] [0:1] [0:1] [0:1] [0:1] [0:1] [0:0.80000001192092896] [0:0.89999997615814209] [0:0.94999998807907104] [0:0.96666663885116577] [0:0.98333334922790527] [0:0.80000001192092896] [0:0.89999997615814209] [0:0.94999998807907104] [0:0.96666663885116577] [0:0.98333334922790527] [-0.80000001192092896:0.80000001192092896] [-0.89999997615814209:0.89999997615814209] [-0.94999998807907104:0.94999998807907104] [-0.96666663885116577:0.96666663885116577] [-0.98333334922790527:0.98333334922790527] [-0.99978220462799072:0.99986648559570312] [-0.98999226093292236:0.9921720027923584] [-0.93577671051025391:0.9883764386177063] [-0.91955792903900146:0.97686052322387695] [-0.90729916095733643:0.96127814054489136] [-0.99990993738174438:0.99989312887191772] [-0.97237122058868408:0.99184572696685791] [-0.92247241735458374:0.96216928958892822] [-0.86696243286132812:0.92569029331207275] [-0.65087020397186279:0.85486561059951782] [0:1] [0:1] [0:0.89999997615814209] [0.10000000149011612:0.83333331346511841] [0.18333333730697632:0.73333334922790527] [0:1] [0:1] [0:0.94999998807907104] [0.13333334028720856:0.86666667461395264] [0.23333333432674408:0.78333336114883423] [-1:1] [-1:1] [-0.89999997615814209:0.80000001192092896] [-0.73333334922790527:0.66666668653488159] [-0.58333331346511841:0.46666666865348816] [0:1] [0:1] [0:1] [0.0087521914392709732:0.95486676692962646] [0.15617713332176208:0.86057943105697632] [0:1] [0:1] [0:1] [0.045133244246244431:0.99124783277511597] [0.13942058384418488:0.84382283687591553] [-1:1] [-1:1] [-1:1] [-0.98249560594558716:0.90973353385925293] [-0.68764573335647583:0.72115886211395264] [0:24.190847396850586] [0:21.458917617797852] [0:17.112565994262695] [0:15.124904632568359] [0:12.692096710205078] [0:13.996644973754883] [0:10.474017143249512] [0:8.6483259201049805] [0:7.683464527130127] [0:7.0406208038330078] [0:2.2360680103302002] [0:3.024895191192627] [0:3.9342279434204102] [0:4.5092835426330566] [0:5.7649526596069336] [0:1] [0:1] [0:0.9159361720085144] [0:0.87273961305618286] [0:0.7982906699180603] [0:1] [0:1] [0:0.9210512638092041] [0:0.86789065599441528] [0:0.74563735723495483] [-1:1] [-1:1] [-0.8421025276184082:0.83187228441238403] [-0.73578125238418579:0.74547922611236572] [-0.49127471446990967:0.59658128023147583] [2.0887203216552734:13008.1455078125] [2.1142673492431641:13075.431640625] [2.1007359027862549:12914.03515625] [2.1202449798583984:12949.015625] [7.1640167236328125:96.945625305175781] [-786.5267333984375:677.3104248046875] [-665.1607666015625:600.732177734375] [-0.94574606418609619:133.71238708496094] [-6985908736:72024498176] [0:4752333824] [0:3790321920] [0:3.3124954700469971] [0:100] [0:99.739326477050781] [-50.504768371582031:166.66667175292969] [2.1142673492431641:13075.431640625] [0.0076979044824838638:1138.28271484375] [0.022869531065225601:766.67620849609375] [2.1661980152130127:12732.693359375] [0.0010478225303813815:0.13285939395427704] [0.0020059566013514996:0.10017205029726028] [-0.200058713555336:0.20022554695606232] [-0.39287081360816956:1.0367892980575562] [-0.4477999210357666:1.3873442411422729] [0:1634.8680419921875] [-917.95098876953125:1330.260009765625] [0:1330.260009765625] [-1017.72900390625:0]
tree_sizes=6981 7041 7027 6984 6983 6972 6975 6973 6986 6995 6992 6990 7006 6997 6964 6955 6990 6953 6963 6980 6992 6970 6988 6977 6975 6982 6960 6969 6949 6973 6973 6976 6996 6963 6996 6983 6992 6988 7030 6954 6959 7012 7004

Tree=0
num_leaves=63
num_cat=0
split_feature=12 30 91 12 77 91 77 168 1 102 92 174 115 61 43 102 48 94 51 117 57 174 161 117 42 161 159 50 166 81 62 27 166 142 24 92 77 139 178 178 92 106 137 130 77 62 11 30 12 159 57 12 142 12 94 92 31 31 25 159 31 112
split_gain=485.778 42.6149 41.2521 38.6444 31.1027 28.8141 33.236 26.6109 25.8274 22.426 21.3679 21.405 18.3747 17.6037 17.1011 16.9091 16.2944 16.1292 14.9933 14.8061 14.7747 14.7171 18.1144 16.9479 13.6993 13.4367 12.9634 12.6144 11.9344 11.9373 11.6537 11.3336 11.9007 10.6293 12.4107 10.3937 10.3261 9.96667 9.45084 9.32779 8.99842 11.0386 8.84412 8.76213 8.45117 8.40414 8.23967 10.6958 8.20206 8.07137 8.06642 9.25383 8.56484 8.04457 7.7241 10.469 7.57418 7.9616 7.1372 7.12842 6.79635 6.75951
threshold=0.029005398973822597 0.0020207883790135388 -0.35414943099021906 0.012295980006456377 0.22500000149011615 0.72802889347076427 0.5416666865348817 149737016.00000003 0.028872542083263401 0.4083333313465119 0.18562111258506778 17.600534439086918 0.41621634364128118 1.0117710232734682 1.0214286446571352 0.44166666269302374 0.97477996349334728 -0.035899732261896126 0.97817182540893566 0.60588231682777416 1.1685605049133303 18.92811489105225 16.013469696044925 0.60588231682777416 0.014933485537767412 1661.6490478515627 12.85110378265381 0.94942164421081554 13889525760.000002 0.18333333730697635 0.94411721825599682 0.10658887773752214 824546272.00000012 1.3846053481101992 0.015851533971726898 0.40083372592926031 0.12500000372529033 0.76382553577423107 0.014280558563768865 0.0075132446363568315 0.80451133847236644 0.48333333432674414 0.43390376865863806 0.79293256998062145 0.24166666716337207 0.73904246091842662 0.98713359236717235 0.0045185391791164884 0.07928872108459474 1668.5371093750002 1.3094314336776736 0.078204847872257247 1.6288514137268069 0.017812854610383514 0.098213329911232009 0.36255161464214331 -0.0071417440194636575 -0.0010631270706653593 0.041145842522382743 971.69189453125011 0.0013106034020893278 -1.0000000180025095e-35
decision_type=2 2 2 2 2 2 2 2 2 2 2 2 2 2 2 2 2 2 2 2 2 2 2 2 2 2 2 2 2 2 2 2 2 2 2 2 2 2 2 2 2 2 2 2 2 2 2 2 2 2 2 2 2 2 2 2 2 2 2 2 2 2
left_child=1 2 4 9 17 6 14 8 30 10 11 -4 13 -12 39 31 46 56 27 24 25 22 26 -23 -7 36 38 59 29 37 -2 32 -5 42 61 -17 -16 -28 -9 -3 41 -40 -29 -6 48 -25 47 -8 -10 -48 51 52 -32 -18 55 -31 -1 -58 -38 -11 -39 -35
right_child=7 5 3 15 43 19 16 21 44 18 12 -13 -14 -15 20 35 53 -19 -20 -21 -22 23 -24 45 -26 -27 28 33 -30 54 50 -33 -34 34 -36 -37 58 60 40 -41 -42 -43 -44 -45 -46 -47 49 -49 -50 -51 -52 -53 -54 -55 -56 -57 57 -59 -60 -61 -62 -63
leaf_value=0.028750130828305017 0.014233163939615552 -0.0050650156746500216 -0.010109816818729182 0.0078738516374301654 -0.0064309924873102477 0.005514051334295886 0.013303524261334765 0.020123564034440662 -0.00037080949264455714 -0.019842915550727282 0.02037530245781545 -0.045331871584214277 -0.02554721613404726 -0.013878695371213244 -0.041818195083347338 0.015996536908453457 -0.034444571614877205 -0.033519931477642505 -0.041346120340662866 0.012966439117423316 0.038316533030976423 -0.029079141004809354 0.021190961842269849 -0.012924457295792807 -0.042497756604279457 0.024242516531278034 0.028044157173359865 -0.019171389565224413 0.0096505514129247103 0.01494288362009592 0.0030015599333687161 0.034031491928942663 -0.026038407897792139 0.00036585222391534791 -0.031846088842831161 -0.01049577881673797 -0.021818597802683824 0.013561881640896884 -0.016236107006383532 0.034489663006854632 0.029290587351580435 0.01122555212767337 -0.043080448821632526 0.039214660302667209 0.019638359165035129 0.03510676076205916 -0.0030127813006732662 -0.028498409048900549 0.015033168938707419 0.040578502578121664 0.02722212704786562 0.0070191796070838792 -0.014965816767699586 0.0095315308829802981 -0.038453750527577026 -0.032913283143049421 -0.031337141622168656 0.015736077336175373 0.025603639313090235 -0.046345451132812215 -0.027190643126202937 -0.020028870671198067
leaf_weight=6.6754780410556149 188.96952379844697 5.9394474625587454 27.154521293545258 10.35092938535672 4.3263180768117335 6.085518806037725 8.525095078795859 32.782598370580672 40.574071618400922 15.125816072264568 25.289000635151751 38.568194938925444 32.746869063645136 26.730106186645571 10.549190047764574 27.59997061528702 28.27361294360162 18.583466401629266 121.20517695049966 6.4537065632321164 5.9068389807362101 25.607459142629523 44.550726686393318 5.1859273070876934 29.779467812026269 6.435236658435314 7.1797220089938518 29.864244722542935 21.239268908881058 7.3829442454734799 67.453504309702112 2.6168000530451527 60.546386109268497 37.168031223132857 27.585913156333845 23.917461735049983 5.1034636379335989 4.8595459090938666 29.384026428480865 32.967040190953412 7.2737423836952066 22.227317127610149 32.373867001530016 17.098496934391733 362.16889741077648 6.1670012568356469 7.6870358126907359 12.254205629244096 126.65233542152055 6.1539789465459762 13.693431300518567 322.70317772921589 35.60290796191839 3.7414703908289075 20.352699959752499 7.1201844030874781 5.8121156179986437 5.2029357205610696 4.3666208219365217 41.382373291024123 9.297368046740301 22.783598134992644
leaf_count=57 32233 11 123 1987 124 81 343 3277 4046 90 84 180 161 128 258 2753 425 285 570 237 60 515 6143 286 512 205 47 152 1424 151 9072 125 1535 222 168 1821 199 97 1863 727 737 1387 182 360 52237 32 327 414 23146 186 1862 71629 3912 579 392 122 170 62 60 315 235 137
internal_value=-0.000537887 -0.0185692 -0.0220945 -0.0244102 0.00205873 -0.00557778 0.00109806 0.0102315 0.0121488 -0.0282953 -0.0184548 -0.0311938 -0.00829408 0.00278746 0.0152561 -0.0094273 -0.0140016 -0.0147188 -0.0327382 -0.0269246 -0.000834358 0.00134809 0.00439904 -0.0158603 -0.0343412 -0.0107626 -0.000105872 -0.0274909 -0.00909834 -0.0162822 0.0080068 -0.0185751 -0.0210049 -0.0226046 -0.0155047 0.00367444 -0.0227758 0.0012924 0.00747391 0.0284005 0.000163044 -0.00436368 -0.03214 0.0299879 0.0170357 0.0136535 0.000284084 -0.0113873 0.0112979 0.0175949 0.00529635 0.004522 -0.00326097 -0.0290814 -0.02686 -0.00896571 0.00560758 -0.00939341 0.000118051 -0.039772 -0.013032 -0.00753704
internal_weight=2249.36 840.93 660.708 603.009 57.6988 180.222 137.903 1408.43 1157.82 477.978 150.489 65.7227 84.766 52.0191 71.2678 125.032 66.6354 36.274 327.489 42.3187 32.3614 250.611 213.65 36.9604 35.865 26.4545 169.099 206.284 77.4317 56.1925 628.423 73.5141 70.8973 149.776 87.5375 51.5174 20.0193 21.3366 91.6677 38.9065 58.8851 51.6113 62.2381 21.4248 529.395 11.3529 34.6203 20.7793 167.226 13.841 439.453 425.76 103.056 32.0151 34.8558 14.5031 17.6905 11.0151 9.47008 56.5082 14.1569 59.9516
internal_count=231260 16415 11791 10733 1058 4624 3794 214845 198137 2512 676 303 373 212 1520 8221 2274 574 1836 830 782 16708 15875 833 593 722 9732 1266 2468 1044 118708 3647 3522 861 527 4574 517 379 7264 738 3987 3250 334 484 79429 318 1270 757 27192 513 86475 84613 12984 1004 665 273 289 232 259 405 332 359
is_linear=0
shrinkage=0.03


Tree=1
num_leaves=63
num_cat=0
split_feature=1 142 51 175 26 45 88 177 175 176 68 127 31 28 18 97 177 129 96 127 185 73 54 42 16 170 174 116 31 3 12 26 12 175 80 96 96 93 44 173 93 167 2 26 133 184 176 138 96 173 153 45 89 92 96 137 12 93 139 16 132 92
split_gain=98.4475 56.7523 55.4919 46.6553 39.9634 29.5654 27.1022 26.7975 25.2929 24.2835 28.0364 28.7463 25.4279 24.0799 31.0868 28.9574 21.9133 21.2899 23.8711 20.7067 20.3849 23.4512 20.0081 19.8443 20.4428 19.5196 18.7878 17.9518 17.9478 16.8104 19.0319 24.6838 18.8484 19.0553 17.3573 17.3263 16.2518 15.9182 16.146 15.8326 14.985 14.8307 18.8687 14.6836 16.8045 14.2864 13.9021 13.7664 15.1911 13.5003 13.3113 13.0723 13.8246 15.8475 12.8274 12.786 12.7239 16.0009 19.2094 12.6911 12.684 23.0615
threshold=0.034421727061271674 2.0116881132125859 0.97251591086387645 0.38367310166358953 0.08817534521222116 1.0450267791748049 -0.11039624735713004 0.039742056280374534 0.11362592503428461 642.86239624023449 0.66322302818298351 -0.090191610157489763 0.0030139937298372392 -0.0061527201905846587 1.0130692124366762 0.36129969358444219 0.021974286064505581 0.94674694538116466 -0.47581069171428675 -0.37388759851455683 -5.8306949138641349 0.30000000447034841 0.9983973801136018 0.055477783083915717 1.3866277337074282 67.707416534423842 25.73850250244141 0.43696157634258276 -0.0045941884163767091 0.0023149086628109221 0.019441060721874241 0.02631616406142712 0.04040829278528691 17.728792190551761 0.27500000596046453 -0.29066856205463404 0.59772187471389782 -0.80445545911788929 1.1262824535369875 6.5538113117218026 0.5018688738346101 201893552.00000003 0.12000357732176782 0.026140996254980568 0.89459419250488292 0.069220498204231276 6.954329490661622 1.0834669470787051 0.53825947642326366 7.69248390197754 -0.078687127679586397 1.0292443633079531 0.50220596790313732 0.8249616026878358 0.45377853512763983 1.7707892060279848 0.096435498446226134 -0.73995301127433766 1.2709953188896181 0.88592731952667247 0.78232115507125866 0.7622923254966737
decision_type=2 2 2 2 2 2 2 2 2 2 2 2 2 2 2 2 2 2 2 2 2 2 2 2 2 2 2 2 2 2 2 2 2 2 2 2 2 2 2 2 2 2 2 2 2 2 2 2 2 2 2 2 2 2 2 2 2 2 2 2 2 2
left_child=1 2 4 5 6 47 9 8 -4 41 11 26 22 37 15 43 25 20 -19 -8 21 -10 -12 24 27 -6 -11 -20 -17 56 31 -31 34 39 -32 -33 -7 38 -3 -34 -30 -1 -43 -15 55 -18 -21 48 -2 -41 -36 -42 53 -53 -52 -45 57 -5 -59 -37 61 -48
right_child=3 13 7 29 16 36 19 -9 17 10 12 -13 -14 14 -16 28 45 18 23 46 -22 -23 -24 -25 -26 -27 -28 -29 40 30 32 35 33 -35 50 59 -38 -39 -40 49 51 42 -44 44 -46 -47 60 -49 -50 -51 54 52 -54 -55 -56 -57 -58 58 -60 -61 -62 -63
leaf_value=-0.0018583769661563265 0.010122487084486646 -0.025874903506362169 -0.032983018600045724 0.02998018326246607 -0.018155493304596149 -0.014035440892615738 -0.041372624455006897 0.040326467041839009 0.034931424282541937 0.024027854801291156 0.021481612219685076 0.035196057358611844 -0.038304799650614237 -0.0054421548803308701 0.022055268655076364 0.030738845170924359 -0.021679472241734853 -0.037886394387237579 -0.014319600452232772 -0.016312214861555336 -0.003409994185642023 -0.031961034331044476 -0.016838818222806137 0.029380886929145218 0.015634290909872315 0.031727333408761126 -0.034960966134790009 -0.00022747280296155008 -0.014987759180880208 -0.014292165965707041 -0.017040476472341467 -0.01367328839873549 0.051021513117459276 0.019592549952825299 0.029117502935601003 0.001214823537367882 -0.046543469549122848 -0.028678352853816341 0.021359504849097453 -0.038951863984646562 0.018192353217203104 -0.0078085721806920921 0.033050105712548454 -0.030028349332926075 0.028494000203264688 0.027741757494731043 0.0027036236716801321 0.018084082323244502 -0.035437858798917553 0.0079575150793783547 -0.0095688575437458574 -0.0094119600908225565 -0.016895022879978936 0.038841714638683078 0.028101433416981209 0.0097564088817818813 0.00646496782616686 -0.026812841062011757 0.0061292486702455564 0.042034876194314709 -0.0021380054869058643 0.03716391671812222
leaf_weight=218.04603310757011 13.323237589451312 11.600518714200009 36.594080453247443 7.2733174273635077 23.02224380375992 49.552282915676187 10.852152595427468 9.0682227611978288 26.366411307884849 8.2814467522839568 38.81152811182983 72.945131922213477 10.996958371601066 47.813663263397757 26.907547086804698 12.612985376839786 4.8065445953980079 26.025875908439048 365.97767506080709 53.606734879366286 106.15756093625896 4.833720800743321 16.772590347434743 10.962995467612926 26.094073917716742 8.9917047674534825 9.2077942440955649 105.13258811618107 74.258193475139706 11.912946416116027 44.91209983677436 6.2916016203089375 6.6968435877934089 160.75695097059725 16.875133020832436 8.1499509232448855 19.330284670169931 102.93780853751377 12.469160292268496 4.5729690997686694 32.072157334936492 15.81372763177569 25.523318945051869 109.2805627112939 4.2023735091788685 89.521187106722209 158.05888451978717 32.00356796125925 11.286929373603924 669.59757061216987 36.343811517068389 12.843957960343689 35.540778765054711 10.092836689393151 9.3942574311440676 7.2084822638644246 113.12588445428992 40.67373367282562 25.07444786785527 50.614768872188506 996.09366600152316 18.722670454128092
leaf_count=18437 677 626 2854 261 590 1717 271 144 939 189 397 1578 143 3841 998 507 85 700 20843 3532 9467 285 541 76 137 172 343 9514 3910 211 1193 50 10 10832 402 218 293 3955 165 61 1693 501 499 3977 107 1912 9235 1028 225 36908 1191 1048 1648 143 351 217 7098 1503 650 615 58837 515
internal_value=-8.89842e-05 -0.00311002 -0.00125972 0.00667439 0.00157808 -0.0106672 0.000329033 -0.0082995 -0.0089824 0.00694147 0.0162144 0.0269999 0.00133773 -0.0123275 -0.00843156 -0.0108683 0.0177727 -0.00762301 -0.0103289 -0.00189763 0.00287725 0.0238041 0.00977211 -0.00883999 -0.00974604 -0.00351747 -0.00707769 -0.0111883 -0.00236315 0.00847941 0.00998278 0.024285 0.00879548 0.0103061 -0.00298667 0.031504 -0.0237365 -0.0235854 -0.00140978 0.00808356 -0.00508469 0.00127596 0.0175333 -0.0197391 -0.0252871 0.024991 -0.00151248 0.00531824 -0.0112235 0.00757766 0.0071563 0.00307886 -0.00532623 0.0124313 -0.00133176 -0.0274788 0.000167148 -0.00950452 -0.0143011 0.0365389 -0.000820176 0.00655865
internal_weight=4334.89 2997.13 2497.29 1337.76 1780.07 125.496 1653.73 717.213 708.145 416.399 157.015 90.4344 66.5811 499.841 372.834 345.926 126.342 671.551 534.193 1237.33 137.358 31.2001 55.5841 508.167 497.204 32.0139 17.4892 471.11 177.421 1212.27 1026.12 76.9693 949.15 841.624 107.525 65.0563 68.8826 127.007 24.0697 680.867 164.808 259.383 41.337 168.505 120.691 94.3277 1226.48 56.6137 24.6102 674.171 62.6132 90.5497 58.4776 22.9368 45.7381 116.489 186.147 73.0215 65.7482 58.7647 1172.88 176.782
internal_count=231065 165571 142736 65494 97777 3940 95018 44959 44815 22628 3191 2110 1081 22835 18089 17091 2759 41961 31270 72390 10691 1224 938 30570 30494 762 532 30357 8949 61554 52042 1094 50948 47811 3137 883 2010 4746 791 36979 8442 19437 1000 8142 4301 1997 72119 1930 902 36969 1944 4532 2839 1191 1542 4194 9512 2414 2153 833 68587 9750
is_linear=0
shrinkage=0.03


Tree=2
num_leaves=63
num_cat=0
split_feature=26 21 87 163 97 106 135 42 53 52 57 64 167 133 136 52 167 136 174 105 86 96 132 57 182 177 117 17 32 77 42 32 129 177 177 163 166 117 13 126 133 131 182 38 29 22 182 162 128 107 177 177 167 97 118 89 86 23 89 133 49 182
split_gain=131.913 79.1704 37.3389 52.6406 35.9774 26.0208 24.1732 21.4812 23.3244 20.8435 21.39 19.0133 17.6076 23.9053 19.4185 17.2501 17.1256 22.9484 18.4697 19.4528 17.0819 16.9747 16.4005 16.0929 17.7768 15.5678 16.841 15.0017 14.3554 13.4025 13.302 17.2356 21.4078 13.9283 13.2367 14.193 20.2264 19.1015 17.6376 17.2419 14.8997 15.6789 13.026 12.9241 12.901 12.8731 12.7708 12.7075 12.4385 12.2744 12.2001 12.1726 13.7921 12.1211 12.0934 12.0292 12.0088 15.6431 12.136 15.7103 11.8342 12.9213
threshold=0.055738553404808051 0.97530862689018261 0.57499998807907116 -24.772367477416989 0.26066014170646673 0.78333333134651195 0.4821795672178269 -0.014845420606434344 1.0325022339820864 0.93725982308387767 1.2986070513725283 0.87500000000000011 313859360.00000006 0.3608964085578919 0.57180187106132518 0.69818881154060375 21700977.000000004 0.55377164483070385 12.590407848358156 0.27500000596046453 0.31666667759418493 -0.40989252924919123 0.78232115507125866 1.25934773683548 12.929325103759767 0.021833885461091999 0.40357334911823278 1.4839605093002322 0.0055230106227099904 0.72499999403953563 -0.0061249060090631238 -0.0030449148034676905 1.2352403998374941 0.038565913215279586 0.038565913215279586 2.2400790452957158 294377744.00000006 0.60588231682777416 1.0584123730659487 -0.13636366277933118 0.14949104934930804 1.2543178200721743 0.27013601362705236 -0.0098496922291815264 -0.0083806449547409994 0.96566349267959606 26.288075447082523 70.262813568115249 0.84884634613990795 0.34166666865348821 0.02716102916747332 0.014322659932076933 7961694.5000000009 -0.30787889659404749 0.32558204233646398 0.1244412660598755 0.51666668057441723 0.0082759088836610335 0.52013111114501964 0.31407763063907629 0.99763360619544994 13.549170017242433
decision_type=2 2 2 2 2 2 2 2 2 2 2 2 2 2 2 2 2 2 2 2 2 2 2 2 2 2 2 2 2 2 2 2 2 2 2 2 2 2 2 2 2 2 2 2 2 2 2 2 2 2 2 2 2 2 2 2 2 2 2 2 2 2
left_child=1 6 3 4 11 43 16 28 -9 10 12 21 14 -14 -5 -4 17 -1 20 -20 -18 53 -8 -11 30 -12 27 -27 34 -21 31 32 -25 -33 35 39 44 38 -38 -3 41 48 -17 -6 -37 -36 -10 -24 -41 -22 -42 52 -23 -2 -32 -19 -31 -58 -59 -60 61 -46
right_child=2 7 15 9 5 -7 22 8 46 23 25 -13 13 -15 -16 42 18 55 19 29 49 51 47 24 -26 26 -28 -29 -30 56 54 33 -34 -35 45 36 37 -39 -40 40 50 -43 -44 -45 60 -47 -48 -49 -50 -51 -52 -53 -54 -55 -56 -57 57 58 59 -61 -62 -63
leaf_value=-0.0046344765305828747 0.026788721618901456 -0.013904429725657447 0.021882236750099027 0.0058654731006184116 0.019406992337445136 0.048106437619662719 -0.021877471024502312 -0.0058758232499191302 0.0032504850425238989 -0.014428578621936399 0.047959707329858554 -0.0098406238457382205 0.039042176633775787 -0.031632608630457131 -0.0067692445959874597 0.035331280374156386 -0.0085310299544927755 0.046601752705412169 -0.03019581532773425 0.026785419668355775 0.025990170623605455 -0.032929449317604317 -0.003593998090296778 -0.0012640881105191798 0.028638365759029671 -0.021451660681369472 0.034108057002806461 0.020105097655482101 0.012451534670009836 -0.015745331355400051 -0.036171204203513559 -0.008000082928442738 -0.031249327337640295 0.040424634839162525 0.011319395032604445 0.0078037559572189594 -0.023690509987718534 0.025246281016590898 0.018532340016422059 0.013306989935694404 -0.010279040229282504 0.017830286438242589 0.0056305049624173252 -0.019555424904160758 0.003613311100584981 -0.039705864345868959 0.028782811548757038 0.029825408756046841 -0.01708232029687988 0.005895088732955656 0.0084548054934736848 0.032798448107513853 0.029701290696436015 -0.031706120987299982 0.01813597716312634 -0.0027823451888245418 -0.025711074497565718 0.037724313188802448 -0.01412030898014946 0.033874047103264596 0.0034099290141224219 -0.044423551421856555
leaf_weight=183.85299897722143 4.5067608593963087 347.42077294243063 193.24262110103882 276.30827589944965 8.6212100158445519 6.5075276277493677 43.817886365577579 771.94671224917329 65.542276618434698 111.60252233179926 13.875137820083181 12.749732751239206 21.311446514484491 4.491415388765744 179.81613453230966 13.785238195996497 67.139617916454881 11.818382136319999 6.5290298920735941 91.462687466068019 30.352156546985498 5.0993931389530172 144.11005704533454 50.182741762982914 16.824315287813079 15.651866716623772 18.124367758951848 13.720946284360252 22.412117893582035 13.346157668689555 3.1763435739121624 10.08117409941042 36.804817454525619 9.5842699735658226 4.8289586391474613 6.4295035499380893 43.18178840354085 11.930986058927372 10.275051386852281 18.067724284268479 260.23351023264695 46.575748061717604 145.13248564043897 37.772554955598025 5.3110257009611805 24.354073614857043 23.45713710365817 10.011569019145098 32.279087784256262 233.15608291738317 34.603283614524116 129.86725616219337 5.5742416950233746 6.5877331380470405 32.758843402581988 6.4574592691787975 6.3495985396439201 21.018313880660571 13.638768449134661 9.5713614695705456 6.0651923852274185 49.527314119484799
leaf_count=11534 81 27074 6288 13774 197 22 1520 64950 5101 8205 104 301 399 222 8412 281 4785 174 153 1919 635 93 9637 2426 492 333 313 223 1159 528 86 488 991 72 191 110 1489 372 259 975 19897 2878 5699 989 452 678 584 385 2165 13522 1938 1754 166 310 1108 377 150 443 563 278 89 804
internal_value=-8.07885e-05 -0.00396861 0.007436 0.00454429 0.017628 -0.0037909 0.00332094 -0.00761656 -0.00419453 0.0010321 0.00442292 0.0245203 0.00227143 0.0259069 0.000874063 0.0158615 0.00595709 -0.00137886 0.00897025 0.0172511 0.00486636 0.0274746 -0.00589929 -0.00574567 0.000366467 0.0209622 0.0121873 -0.00191764 -0.0107956 0.0194442 -0.00312472 -0.00845178 -0.014196 0.0162694 -0.0113903 -0.0106934 -0.0197352 -0.00761098 -0.0153284 -0.0090414 -0.0046967 0.00544858 0.00843047 -0.0119951 -0.0311815 -0.031068 0.0102583 -0.00122549 -0.00607146 0.00831059 -0.00804907 0.0302856 -0.000221541 -0.00744624 0.0124051 0.029758 0.0086434 0.0153176 0.0217124 0.00612929 -0.0354052 -0.0397361
internal_weight=4060.84 2677.07 1383.76 1031.6 217.286 52.9013 892.632 1784.44 860.946 814.315 543.3 164.385 481.927 25.8029 456.124 352.16 694.693 202.129 492.564 161.916 330.648 151.635 197.94 271.015 159.413 61.3723 47.4972 29.3728 923.496 155.387 142.588 106.653 86.9876 19.6654 901.084 871.901 132.721 65.3878 53.4568 739.18 391.759 96.9226 158.918 46.3938 67.333 29.183 88.9994 154.122 50.3468 263.508 294.837 140.541 10.6736 11.0945 35.9352 18.2758 63.9242 50.578 44.2284 23.2101 60.9035 54.8383
internal_count=231597 177768 53829 41561 3913 1208 46603 131165 70635 37648 23780 2705 22807 621 22186 12268 35061 12085 22976 4034 18942 2404 11542 13868 5663 973 869 556 60530 3881 5171 3977 3417 560 59371 58502 3575 2120 1748 54927 27853 6018 5980 1186 1455 869 5685 10022 3140 14157 21835 2013 259 391 1194 551 1962 1434 1284 841 1345 1256
is_linear=0
shrinkage=0.03


Tree=3
num_leaves=63
num_cat=0
split_feature=26 174 167 174 81 92 22 52 175 140 88 135 77 24 97 177 162 129 97 32 169 6 60 62 87 56 171 134 129 134 24 25 77 167 1 73 160 145 150 158 41 1 23 107 112 11 125 54 167 48 46 178 139 6 161 176 130 136 128 139 99 39
split_gain=285.149 114.861 59.0433 52.8502 48.0957 46.3799 34.1562 28.8918 28.6156 30.587 27.5109 32.9335 29.3411 24.5577 23.3011 21.2365 20.8395 20.5242 19.8355 19.3872 29.8692 20.0506 18.1253 30.6719 21.4089 18.189 17.8304 21.9325 17.3526 22.1267 17.3243 28.1867 26.6256 19.5816 18.9266 20.4649 16.952 24.1831 16.8399 16.7913 21.1238 15.7437 20.4724 15.6871 20.8481 15.6538 21.9411 15.5837 15.3977 15.0912 16.3981 14.7263 17.8679 14.4367 14.3584 17.9611 24.5497 22.1214 18.7322 18.4501 14.9203 14.8554
threshold=0.06637329608201982 12.590407848358156 211531288.00000003 45.994798660278327 0.68333333730697643 0.77876466512680065 1.1998998522758486 0.89363628625869762 1.3993052840232851 1.2601428627967837 -0.25229354202747339 0.2907413542270661 0.92500001192092907 0.068083766847848906 0.14786401391029361 0.013917295262217523 41.197856903076179 2.0892056226730351 0.29924142360687261 -0.0060678778681904069 0.99004638195037853 0.33333857357501989 0.78426751494407665 0.70515695214271557 -0.3416666686534881 1.174916207790375 76.168869018554702 0.18516816198825839 1.8828221559524538 0.45777866244316107 0.043688159435987479 0.034676782786846168 0.84166666865348827 185390392.00000003 0.034192122519016273 0.5000000149011613 798.40975952148449 0.44881775975227362 0.59157830476760875 89.788570404052749 -0.094493135809898363 0.039396462962031371 0.012727793771773578 0.29166667163372045 0.075000002980232253 0.99790030717849743 -0.31256775557994837 0.95503690838813793 19295519.000000004 0.99278351664543163 1.2417371869087221 0.031039676629006866 0.9254322648048402 0.05263346619904042 1554.5293579101565 1225.8040771484377 1.2149368524551394 0.26036192476749426 1.0232628583908083 1.0577174425125124 0.75000000000000011 0.04080555401742459
decision_type=2 2 2 2 2 2 2 2 2 2 2 2 2 2 2 2 2 2 2 2 2 2 2 2 2 2 2 2 2 2 2 2 2 2 2 2 2 2 2 2 2 2 2 2 2 2 2 2 2 2 2 2 2 2 2 2 2 2 2 2 2 2
left_child=1 2 7 8 10 18 51 -1 15 19 12 30 16 -13 28 -2 53 22 43 21 39 45 23 -17 25 -24 27 -22 29 49 31 33 -33 34 35 -12 37 -18 54 -21 -41 42 -14 -4 -45 46 -10 -28 -38 50 -11 -6 -53 -3 55 57 59 60 -59 -57 -5 -60
right_child=3 4 5 38 6 -7 -8 -9 9 14 11 13 41 -15 -16 17 36 -19 -20 20 26 -23 24 -25 -26 -27 47 -29 -30 -31 -32 32 -34 -35 -36 -37 48 -39 -40 40 -42 -43 -44 44 -46 -47 -48 -49 -50 -51 -52 52 -54 -55 -56 56 -58 58 61 -61 -62 -63
leaf_value=-0.008194707045195631 -0.030909102447544246 0.022734983300983596 -0.03754317099779101 -0.011938539810560164 -0.018635684511831577 0.033663352104728435 0.021972505625324223 -0.016926351147717341 -0.017505097083596374 -0.017827050471953987 0.020117184073087224 -0.0051739014868831439 -0.039837786340618249 0.042157801328033907 -0.012706610373922626 0.022527754622414336 0.038928550670381631 -0.038543975729904624 -0.023043314020003276 -0.018412845059620268 0.027407654101569558 0.033879885670748615 -0.032281318828819905 -0.038048624627432165 0.030996199447822732 0.016723569472358948 -0.012698225682400381 -0.00021583134927976902 0.036808330919636978 -0.022397158805656982 0.028586817711758868 0.0045390178317162317 -0.03542299001920645 -0.040024242233066679 0.025644752836634102 -0.021184852037705312 0.011937230326948968 -0.011080120517191974 -0.018887669618484454 0.024084744285027361 -0.0031490903481431499 -0.04584035094449624 0.027958392218249351 -0.01180693526784771 0.021374455555852708 0.034492231327308338 0.020077283514183305 0.034615599237942461 0.033831535105414326 -0.023607898405002631 0.022830967421966903 0.025268627887155896 -0.013013351140028094 -0.031617563887224302 0.029774639664106067 0.033020139332662742 -0.032108836237209511 0.034910583955665188 0.019884218568040346 -0.0077975761685878039 0.031538249011787374 -0.012656279205262364
leaf_weight=613.51318048862049 7.0150620183849233 5.9196927484590587 6.18842612102162 28.299573964777665 160.15419992229727 40.568442723333646 25.270893546810839 782.17866376711936 27.818622698949181 9.999836070215677 22.025293137980043 350.28731616223376 5.4036731815576813 9.1468180276278854 136.24075040650132 18.873612020393924 11.425273842411114 4.4634256119752527 31.957833927759566 45.448050730636169 35.415301342422026 47.722592703939881 8.4309795911030978 11.103327686898409 117.61316196310509 23.542382004969113 6.5903146189957615 88.536465334080276 13.227808930736499 24.99408495624084 39.20664162014873 43.151288031309377 21.771394576338935 4.6350275272270656 81.84747900669754 19.322790458449163 45.835766175514436 28.014142769086902 9.233184688840991 30.577856357398559 134.85055354464021 8.8666226122350036 9.7045745111099659 26.407889293230255 44.223301782256385 15.063891202211378 26.14425789965026 46.698129807235091 88.048556833542534 9.3229922835307644 49.069877956848359 16.030516413244186 29.833777066894982 11.267163764860014 110.79168102487165 19.45994505926501 13.772862495185107 84.144662996186526 131.494361269808 18.648447057792509 8.3718953644856793 13.165653423930051
leaf_count=53614 549 113 74 561 13253 755 316 96481 774 566 718 14012 186 114 6662 154 171 182 2900 1863 831 613 678 184 2405 1061 335 3276 138 856 658 856 603 79 1276 1047 868 951 315 777 5119 134 165 2313 997 273 528 960 829 283 811 331 1050 542 1466 152 218 933 1726 192 112 131
internal_value=-0.000120243 -0.00599857 -0.0111803 0.0109041 0.00172085 0.00669802 -0.0103057 -0.0130989 0.00687371 0.00420883 0.0051847 0.00183177 0.0143643 -0.00384747 -0.00451912 0.017212 0.0183093 0.0192197 -0.00354639 0.00841379 0.00515256 0.019094 0.0208777 -0.000316594 0.0251188 0.00312348 0.0141968 0.00780888 0.00593649 0.00118821 0.0106237 0.00682573 -0.00915053 0.0149711 0.01737 0.000700593 0.0214369 0.00393719 0.0195122 -0.00246607 0.00198127 -0.016341 0.00255611 0.00471788 0.00893494 0.00849089 0.000682464 0.0285828 0.0265023 0.0100493 0.0157159 -0.0143665 0.00055665 -0.0125112 0.0203894 0.0170203 0.000794999 0.020165 0.0236188 0.0132805 -0.00135968 0.0168355
internal_weight=3958.35 2582.21 1545.04 1376.15 1037.17 149.346 231.289 1395.69 938.763 747.721 805.88 591.394 214.485 359.434 242.855 191.042 190.511 184.027 108.777 504.866 388.117 116.749 179.563 29.9769 149.587 31.9734 177.24 123.952 106.615 93.3868 231.96 192.753 64.9227 127.831 123.196 41.3481 173.324 39.4394 437.382 210.876 165.428 23.9749 15.1082 76.8196 70.6312 69.0268 53.9629 53.2884 133.884 68.3927 59.0697 206.018 45.8643 17.1869 428.149 317.357 51.8813 265.476 228.805 38.1084 36.6715 144.66
internal_count=231090 195406 157134 35684 38272 7039 14950 150095 29878 24665 23322 19363 3959 14126 9316 5213 3474 4664 6284 15349 13161 2188 4482 338 4144 1739 5402 4107 2654 2516 5237 4579 1459 3120 3041 1765 2819 1122 5806 7759 5896 485 351 3384 3310 1575 1302 1295 1697 1660 1377 14634 1381 655 5491 4025 562 3463 2790 344 673 1857
is_linear=0
shrinkage=0.03


Tree=4
num_leaves=63
num_cat=0
split_feature=175 25 167 27 168 27 27 15 169 167 164 162 132 27 52 88 71 25 107 41 169 42 126 111 42 136 178 139 5 170 130 184 12 161 62 27 27 92 92 111 20 52 14 40 168 137 137 63 128 140 152 96 45 174 11 50 89 17 74 139 142 3
split_gain=402.257 262.41 136.634 52.0833 49.1804 43.9483 42.8224 40.372 36.076 40.1819 35.1761 32.5965 32.1467 32.1256 31.9461 31.0559 29.1039 27.6028 27.086 27.0391 25.8374 23.9787 23.649 23.2233 23.1673 22.4615 22.1168 21.8638 21.3705 20.8596 19.4566 19.5038 18.9824 23.65 18.6039 18.4709 17.1828 17.1796 18.9524 17.5768 24.9178 17.076 17.0195 17.6378 16.8548 16.5111 16.48 16.4027 16.2764 16.0138 15.5676 15.4494 21.2586 15.3144 15.2559 15.1374 14.6484 14.6047 14.1382 14.568 13.8558 13.7496
threshold=17.324316978454593 0.065547205507755293 211531288.00000003 0.12791341543197635 158958952.00000003 0.11973686143755914 0.14195422828197482 0.89279264211654674 1.0231707692146303 39368222.000000007 -31.951305389404293 63.627845764160163 0.818627029657364 0.096025813370943083 0.92964825034141552 -0.28407256305217737 0.86052626371383678 0.02604774106293917 0.4083333313465119 -0.048498587682843201 0.85917481780052196 0.11047967150807382 0.41792106628417974 -0.083333335816860185 0.016480448655784134 0.25660927593708044 0.044632347300648696 1.1595265269279482 0.015691796317696575 74.517036437988295 0.97525525093078624 26.613764762878422 0.057099744677543647 903.60299682617199 0.91463187336921703 0.11801013723015787 0.13877881318330768 0.75723737478256237 0.48467652499675756 1.0000000180025095e-35 0.98676428198814403 0.7041568160057069 1.1514432430267336 -0.034641580656170838 369456384.00000006 0.55353775620460521 0.21831107139587405 0.45000000298023229 0.78935492038726818 1.1786363124847414 0.48311901092529302 -0.085389424115419374 1.062720835208893 146.28675842285159 0.9859241545200349 0.93201288580894481 0.64718046784400951 0.70689946413040172 0.75000000000000011 1.0509980916976931 1.5610845088958742 0.0082556176930665987
decision_type=2 2 2 2 2 2 2 2 2 2 2 2 2 2 2 2 2 2 2 2 2 2 2 2 2 2 2 2 2 2 2 2 2 2 2 2 2 2 2 2 2 2 2 2 2 2 2 2 2 2 2 2 2 2 2 2 2 2 2 2 2 2
left_child=1 2 3 7 5 16 8 49 10 11 20 17 36 46 37 23 -3 34 22 44 45 -21 -11 42 56 -5 41 -18 -23 61 -19 -32 33 -8 -10 54 -7 38 47 40 -39 -20 43 -12 -6 -2 57 -4 -45 -1 -28 -43 -53 -22 -25 -14 -17 -13 -34 -60 -35 -27
right_child=6 4 14 25 19 12 32 -9 9 18 15 13 55 -15 -16 24 27 30 26 21 53 28 -24 35 -26 29 50 -29 -30 -31 31 -33 58 60 -36 -37 -38 39 -40 -41 -42 51 -44 48 -46 -47 -48 -49 -50 -51 -52 52 -54 -55 -56 -57 -58 -59 59 -61 -62 -63
leaf_value=0.0081932668095571013 0.040317450122837224 -0.011759167121253293 -0.025592612472420836 -0.027439015193922226 0.01825254444163436 0.015543347573523759 -0.023805628740113684 -0.020066086595190453 0.01710150707415576 0.018777401255889382 -0.035007609687383388 0.033978917488403954 0.036267680763117476 0.015512744587698657 -0.023293714453387813 -0.0092504190699926377 0.024932423830877452 0.020543151608216764 0.037190941641460855 0.038949850311478004 0.008337165879423335 0.022613135401225816 -0.040394327357375845 0.032442561119791768 0.003132871324211388 -0.013916533826806349 -0.027115448990784427 -0.021490973663908598 -0.035339663283387432 0.031131261758686388 0.0096071643801258436 -0.030468434535739219 0.027385422490880041 0.040249905210098358 -0.023405695604942617 -0.029905029612699901 -0.022645236491066093 -0.042056776602305404 -0.015785714552703695 0.027394169914794955 0.021713261380765847 0.038643253064914375 0.030507509522032975 0.028970553025938876 -0.024945566740706505 0.0037038687156910866 -0.035172965294827371 0.017672816230246746 -0.012222008215280611 -0.011700847255701825 0.015009869069861207 0.022406584515201784 -0.0049232704237096711 -0.042345845298642937 0.010655189242546315 0.011337590375776011 -0.033769229914253997 -0.025373439441296042 0.020895948809389227 -0.010959541930453438 -0.010329331131508034 0.0090851986320031504
leaf_weight=61.078177258019423 46.459295685534016 137.04982293060675 8.1110418782627658 20.30154431698611 19.140304932952859 19.116697428802581 17.307939746740885 1287.6735078106512 14.262279619535546 11.595773573339104 17.758522045187419 6.2988328313222137 59.826997441472486 26.29809707509412 24.567757059989162 139.83328929688287 39.646740006715845 173.69706968367882 90.082356606217218 94.175764396903105 35.395692891277577 18.821253205562247 10.791810092152444 49.482449319111765 145.06026261965599 38.443169996634424 11.135335945618861 10.871838072649551 7.0533205717947558 22.793615217327897 50.406228332845785 12.875416672439313 220.44332730655151 12.938562168797946 30.023848101816839 6.2368434449308543 21.404785252845613 8.0105684261070582 30.870315081818262 79.529009245641646 13.199072807721675 34.981617757184722 9.4306252043461409 11.463590412982738 12.624321410025006 14.987814181087741 36.067928387972643 59.931279371761775 27.07546142013598 86.960265017358324 21.59187275806471 112.15821576063854 32.481989092477306 5.2910412393648576 72.82649298578599 36.871259155568623 25.567182206796133 6.6237490147577773 36.858892519550864 18.706878969242098 6.8442181323334799 56.446199404032086
leaf_count=3113 451 8041 651 893 465 487 440 154909 301 257 406 27 749 203 2526 8088 655 3146 530 881 1006 205 142 657 4980 1759 356 576 162 464 1666 428 1842 150 2329 128 679 176 1808 611 191 658 126 282 230 582 978 1559 1054 6432 212 2458 1787 187 1300 1202 1952 286 329 175 168 1958
internal_value=-0.000193779 -0.0083025 -0.0135485 -0.0166699 0.0114679 0.0048365 0.0113198 -0.0183608 0.0088848 0.0136199 0.00354981 0.00662573 0.0176801 -0.0107848 0.00832241 0.000281027 -0.00458755 0.0113185 0.0212442 0.0255109 0.0195153 0.031976 -0.0101253 0.00966569 -0.00559407 0.000908229 0.023602 0.0146604 0.00597662 0.00601369 0.0153793 0.00105949 0.0212691 0.00100204 -0.0102046 0.0170441 -0.00461643 0.0123245 0.00334849 0.0209889 -0.00304585 0.0264183 -0.00475871 -0.011148 0.000755247 0.0316372 -0.0249892 0.0121759 0.000377819 -0.00347284 0.000208911 0.020823 0.0162568 0.000816506 0.0196856 0.0270058 -0.0132387 0.00370375 0.0239683 0.0101142 0.0229517 -0.00025031
internal_weight=3875.86 2274.52 1797.92 1573.7 476.603 324.788 1601.34 1435.71 1288.24 681.372 606.869 356.553 137.22 75.2886 224.219 504.735 187.568 281.265 324.819 151.815 102.134 120.05 22.3876 194.274 310.461 137.985 302.431 50.5186 25.8746 117.683 236.979 63.2816 313.1 37.0907 44.2861 128.546 40.5215 199.651 98.9126 100.739 21.2096 269.704 65.7282 56.2976 31.7646 61.4471 48.9905 68.0423 38.5391 148.038 32.7272 179.622 144.64 40.6867 122.309 96.6983 165.4 12.9226 276.009 55.5658 19.7828 94.8894
internal_count=231449 191382 177050 169528 14332 12389 40067 164454 36963 15764 21199 9364 3117 1494 7522 18973 9272 7870 6400 1943 2226 1248 399 3953 15020 5074 6001 1231 367 4181 5240 2094 3104 758 2630 2085 1166 4996 4018 978 367 5433 1868 1742 695 1033 1291 2210 1336 9545 568 4903 4245 1193 1957 1951 10040 313 2346 504 318 3717
is_linear=0
shrinkage=0.03


Tree=5
num_leaves=63
num_cat=0
split_feature=26 182 167 171 176 163 178 121 85 77 32 27 121 55 166 22 159 174 59 177 87 166 23 55 44 168 137 43 152 17 168 168 119 183 21 168 4 102 122 31 159 40 97 168 167 12 184 167 129 55 157 93 102 142 97 77 101 97 97 32 12 6
split_gain=664.826 280.786 141.357 50.9671 54.7989 45.5577 40.8423 39.872 32.8959 32.6839 30.0174 26.1155 25.3731 25.1961 24.7683 27.1769 24.4391 21.9727 21.325 24.8083 21.0653 20.321 19.7309 24.8474 23.3987 19.3439 17.796 24.1504 26.6929 17.4849 17.4458 21.0963 17.1878 17.1607 17.1566 16.5523 16.1837 16.0858 21.1394 15.757 22.7315 25.7275 20.3402 20.259 15.2927 15.2695 15.1393 14.6602 14.2927 22.8574 15.101 14.7337 14.2537 14.0829 13.9372 23.1415 18.1328 15.0854 13.5708 18.7741 13.3126 14.5138
threshold=0.069191489368677153 20.539305686950687 222689720.00000003 58.639568328857429 532.48901367187511 11.457771778106691 0.018719933927059177 0.47567701339721685 0.12500000372529033 0.39166666567325598 -0.009676521643996237 0.08684833720326425 0.74120599031448375 1.0496488213539126 2330972416.0000005 1.1517265439033511 40.631032943725593 25.73850250244141 1.0240713953971865 0.041835661977529533 0.84166666865348827 15036712448.000002 0.028168912976980213 0.96009099483490001 1.150182366371155 7843518.2500000009 0.34877428412437445 1.0546200275421145 0.49757757782936102 0.76607957482337963 74427744.000000015 218478384.00000003 0.19417492300271991 -2.1935299634933467 0.97666153311729442 76974040.000000015 0.052820244804024703 0.52500000596046459 0.37830309569835668 -0.012142317835241554 20.317059516906742 -0.05846870690584182 0.42676416039466863 8510728.0000000019 2386341.0000000005 0.021288959309458736 9.370854854583742 4572758.7500000009 1.0293536782264712 0.97360977530479442 0.023264737799763683 0.74109584093093883 0.32500000298023229 1.4147269129753115 0.28160600364208227 0.72499999403953563 0.51666668057441723 0.23332188278436664 0.55807968974113475 -0.0065502109937369815 0.67122238874435436 0.13430732488632205
decision_type=2 2 2 2 2 2 2 2 2 2 2 2 2 2 2 2 2 2 2 2 2 2 2 2 2 2 2 2 2 2 2 2 2 2 2 2 2 2 2 2 2 2 2 2 2 2 2 2 2 2 2 2 2 2 2 2 2 2 2 2 2 2
left_child=1 2 5 4 11 10 8 26 52 45 -1 21 13 -13 15 16 29 60 36 -20 54 -2 37 32 30 -19 -4 28 -28 -5 -25 -32 53 -7 -12 -11 -8 38 -16 -15 -41 42 -42 47 -38 -10 -47 -43 -27 50 -50 -51 -3 -24 57 58 -57 -6 59 -56 61 -18
right_child=3 6 7 14 20 33 18 -9 9 35 34 12 -14 39 22 -17 17 25 19 -21 -22 -23 23 24 -26 48 27 -29 -30 -31 31 -33 -34 -35 -36 -37 44 -39 -40 40 41 43 -44 -45 -46 46 -48 -49 49 51 -52 -53 -54 -55 55 56 -58 -59 -60 -61 -62 -63
leaf_value=0.034626522489188287 -0.022758169957395928 0.02043968370296546 0.0021840203965720652 0.041476714065394785 0.020001919374421973 0.025624331658053223 -0.0065944409430094414 -0.025170266519591613 0.027589230713241129 -0.023237069124482083 -0.016354062781652245 -0.007839642938791044 -0.016903929476784992 0.029491019132907692 -0.026589360838814437 0.036016903252156798 -0.019760779270724515 -0.014850996296619972 -0.021530055200625887 0.034103679863919205 -0.010471835966109138 0.022410262777784653 0.025395411579051685 0.01943063725855524 0.032764427108847229 0.027072761834989151 0.038040109052848513 -0.023588025604732006 -0.0020328332858071349 -0.0081715602407488857 -0.041416922958783929 0.0055950466563035256 0.035626995934066076 -0.010910182427928487 -0.023973309151676357 0.016868522948119656 -0.026546689373489633 0.039837692323106494 0.026859482061365143 0.030596223042072344 0.028165689659402523 -0.013982480039369432 -0.015008418257024404 -0.014576284621606766 0.014836403948588418 0.022281909413039907 -0.0236071501674089 0.028684081965164691 0.006842481940059114 0.026752041339838873 -0.043999300392665912 -0.019080904408774333 -0.025957416444814526 -0.011641098626948813 0.030099187320648202 0.034643880163780449 0.0025197352157434821 0.03947905749444483 0.033085288012510865 -0.024291673574693105 -0.024691573373227482 0.011182218870941523
leaf_weight=7.6544845598837119 52.109372579780029 5.7429136030114014 70.849157901364379 34.641238879630691 242.40879990968278 24.480799995770212 36.498004074896016 27.478080733715615 43.959783446698566 39.709268100799818 389.40679704146623 64.014912578339136 38.315865519707586 43.21554456641752 6.9310310145410758 48.857389029435581 17.886371155189408 16.851786803667892 33.203313222838915 8.1616276904533134 21.347569063364062 9.8835162432224006 21.555300409396295 15.362458611314649 18.526608479805873 76.815183025493752 57.355763483072224 8.3645740334904968 19.798335874715121 7.2995752284759865 16.352202596666757 16.406854786091571 81.832470385077613 20.266420074294729 945.31767207462417 11.109805891770518 7.2667948155431068 128.05265225633048 44.173585267562885 36.071929093319341 48.205958283564541 10.06336111269775 11.492679864575619 65.504413742068209 406.72702683936041 11.259007769782331 12.68623115273658 20.58399530639872 9.918607856845485 37.593325806217763 9.4757397374087287 6.7219067709447691 65.144565179165511 14.743993891817807 6.0902162080456028 37.055869373827591 27.708742153496132 43.405532633812982 5.3919503710785639 29.436012911985017 20.221675604934717 48.017187242159707
leaf_count=169 5114 126 1735 281 2105 687 1763 2954 703 1883 42968 2688 1786 723 165 434 806 330 1318 108 176 175 242 186 208 776 804 424 671 440 279 155 604 1317 124190 296 418 743 811 501 868 640 552 3483 10146 315 845 505 110 481 145 254 5604 363 75 327 481 399 95 941 1141 1466
internal_value=0.000149114 -0.0101749 -0.0171483 0.0155423 0.0104052 -0.0204236 0.00589796 0.00752414 -0.0058986 0.00374843 -0.0214172 0.00246373 0.00576537 0.00872552 0.0214908 0.0154922 0.0118552 0.00812004 0.0104544 -0.00993638 0.0180575 -0.0152679 0.0269352 0.0198247 0.00501756 0.0147588 0.0134119 0.0225464 0.0278243 0.0327768 -0.00605335 -0.0183146 0.0280412 0.00913516 -0.0217665 -0.0142552 0.0123512 0.0341014 0.0191818 0.0132621 0.00945832 0.00438291 0.0196944 -0.00519768 0.0140406 0.0172769 -0.00188167 0.0145802 0.0184107 0.00766339 -0.0187902 0.0194661 -0.0219248 0.0103628 0.0196435 0.0101449 0.0211929 0.0230976 -0.00735844 -0.0143166 -0.0040067 0.00256954
internal_weight=3762.98 2252.44 1570.97 1510.54 812.306 1387.13 681.468 183.846 189.612 118.724 1342.38 399.462 337.469 299.153 698.237 334.3 285.443 243.502 491.857 41.3649 412.845 61.9929 363.937 184.78 66.6481 157.377 156.368 85.5187 77.1541 41.9408 48.1215 32.7591 118.132 44.7472 1334.72 50.8191 450.492 179.157 51.1046 235.138 191.922 155.85 59.6986 96.1518 413.994 67.905 23.9452 30.6474 140.525 63.7096 19.3943 44.3152 70.8875 36.2993 391.497 105.683 64.7646 285.814 40.9182 35.5262 86.1252 65.9036
internal_count=231498 199444 175919 32054 21634 169331 23525 6588 9772 4042 167327 17035 11746 9960 10420 6664 6230 5509 13753 1426 4599 5289 3756 2037 828 2096 3634 1899 1475 721 620 434 1209 2004 167158 2179 12327 1719 976 7272 6549 6048 1420 4628 10564 1863 1160 1145 1766 990 255 735 5730 605 4423 1919 808 2504 1111 1016 3413 2272
is_linear=0
shrinkage=0.03


Tree=6
num_leaves=63
num_cat=0
split_feature=26 175 167 116 121 72 27 175 168 96 25 139 71 47 169 92 88 12 57 142 89 162 171 60 57 180 164 95 12 118 169 142 82 93 140 32 90 65 162 142 153 95 96 20 25 156 47 88 41 17 183 152 117 24 46 176 168 133 168 94 141 185
split_gain=786.29 326.936 183.948 60.3907 37.9305 37.6645 32.1974 44.8065 56.9177 29.0301 25.344 30.9146 25.1091 33.3305 27.1797 23.4418 21.6052 26.9743 21.0721 23.6754 23.6077 22.6859 20.0426 19.808 18.7239 18.4263 16.8098 16.6002 23.6077 16.5222 16.4415 16.4404 18.0724 16.2734 16.2985 15.7333 15.5148 15.2342 17.6897 15.0342 14.848 14.6698 14.4202 14.1339 14.0426 20.0837 14.0492 14.0091 15.7018 13.9442 13.5963 13.5083 13.1052 12.8802 12.8538 12.8388 12.6656 12.5293 12.4673 12.3997 12.1847 12.1628
threshold=0.070734310895204558 18.163414955139164 222689720.00000003 0.68218871951103222 0.47567701339721685 0.65438243746757518 0.13305434584617618 15.471861362457277 127534560.00000001 0.56482231616973888 0.07250488176941873 0.9724925458431245 0.70198830962181102 1.4407482743263247 0.69642961025238048 0.054373390972614295 0.062699884176254286 0.072207666933536543 1.4743063449859621 1.2097668647766116 0.52013111114501964 40.63714790344239 85.533283233642592 0.92224392294883739 1.2660574316978457 0.038094252347946174 6.3852243423461923 -0.32450532913208002 0.028255944140255455 0.23875799030065539 1.2208766937255862 1.1123412847518923 0.041666667908430106 0.86670973896980297 1.6196001172065737 0.0038720567245036368 0.49003694951534277 0.93750000000000011 57.840192794799812 1.9466870427131655 0.32689391076564794 0.70870265364646923 0.46322481334209448 1.0711201429367068 0.094007421284914031 0.0090795229189097899 1.0957139730453493 -0.3057142943143844 0.032010247930884368 1.4839605093002322 21.669529914855961 0.47230680286884313 0.63073906302452099 0.050514820963144309 1.2732483744621279 601.61773681640636 68607260.000000015 0.1662065386772156 22395403.000000004 -0.0071977893821895114 1.2657087445259096 -56.56565856933593
decision_type=2 2 2 2 2 2 2 2 2 2 2 2 2 2 2 2 2 2 2 2 2 2 2 2 2 2 2 2 2 2 2 2 2 2 2 2 2 2 2 2 2 2 2 2 2 2 2 2 2 2 2 2 2 2 2 2 2 2 2 2 2 2
left_child=1 2 23 6 15 12 7 8 24 29 11 56 13 14 47 -4 39 40 20 -20 31 -22 35 26 -2 -19 -1 -12 -29 -10 -14 32 -8 34 44 -5 -13 61 -39 52 -18 43 -42 -23 45 46 -30 -3 -49 -25 -15 -17 -7 -34 -48 -36 -9 -35 -37 -47 -32 -16
right_child=3 5 4 22 -6 16 18 10 9 -11 27 36 30 50 37 51 17 25 19 -21 21 41 -24 49 -26 -27 -28 28 33 -31 60 -33 53 57 55 58 -38 38 -40 -41 42 -43 -44 -45 -46 59 54 48 -50 -51 -52 -53 -54 -55 -56 -57 -58 -59 -60 -61 -62 -63
leaf_value=-0.018172323418047278 -0.020276388166817771 0.030687527105665992 -0.022257676470773979 0.016909497926060217 -0.027939285698201088 0.028042316788904412 -0.024739471113334674 0.022781957193245914 -0.012769254562431822 -0.02545823266330784 0.034175678161242749 -0.016332300351307269 0.01999395779521955 0.028148090124315427 0.00753177735947294 0.0032546217389717892 -0.01517799500804932 -0.0030288554349745846 -0.035422819258197215 0.012787856852939438 -0.023263159168986136 0.021162745691132558 0.014934561131671928 -0.025566086748567453 0.0029104886623685139 0.024262388332749067 0.0071924990507159095 -0.024828377545031487 -0.038884555943079518 0.026803711027335919 0.011517015342138979 0.028361330384313356 0.028971971442602586 0.024537838617055292 0.021186835920580235 0.013472662074657272 0.01848806576694946 0.025401206580146812 -0.034906268190307142 -0.018832878898005632 -0.017501559807714152 -0.027765485942583715 0.022026127925796363 -0.022071593912336474 0.034430408521546711 -0.0009271806719019914 0.027796875635953795 -0.022998472373220658 0.034701847615315105 0.010671426930945044 -0.014728429995999378 0.023786364162263741 -0.0042197702805981735 -0.0056703811416145035 -0.016130597613214372 -0.027800029096724185 -0.014640774302970725 -0.03690782048228583 0.0365562422290686 0.033249486976478934 -0.029952080316630166 -0.016851728119221483
leaf_weight=138.34279775856339 100.94476501526515 20.696117768646218 13.547741639253216 63.896997076117259 20.978030400903663 106.93494673906389 10.031006329518275 65.327816167657147 10.086975378217174 12.341759466653455 62.471482397028012 56.065566260869673 68.63995239407086 33.232577076993039 19.480832010842278 41.440119160615723 55.938135617365333 30.718794794156565 11.727598148558171 31.755148566662683 15.685119880159617 82.983258064137772 101.26739473384077 1068.5585530392236 44.624497158736631 76.344711288475082 27.535733486216486 10.991387328482231 6.8874338960304184 77.902306354219036 12.304371319361964 266.69771431167464 29.768429265262967 3.7708498865831626 7.7452809894166448 25.520896646776237 13.468652214098254 17.066553030766958 4.8028936121845609 6.8029552483931175 11.37064241588814 5.9212564867993924 24.456410173566837 6.5364066469337549 67.823989982018247 11.834797527917543 11.852101749514988 12.475025280131378 5.192930391378467 9.0197770213198947 7.493730893067549 99.520797363082238 12.213150212268372 13.468369573121889 10.25541852689639 9.7127229216275719 8.4846183335321239 7.2396079106110847 215.41370008484228 44.171510038533597 11.292802908963493 204.55084442120642
leaf_count=15892 9733 385 489 1027 2921 1616 288 1082 156 478 434 1168 1334 475 1017 915 2853 1137 339 476 434 1266 1100 147070 2490 1229 1490 217 62 1204 218 2777 381 30 111 351 352 484 163 331 382 172 439 197 624 126 161 1271 70 402 107 2232 279 191 180 135 367 228 1515 401 401 15515
internal_value=0.000372456 -0.011264 -0.0196981 0.0168635 0.00899955 0.00486528 0.0132398 0.00883965 -0.00121765 0.0160626 0.0150468 0.004882 -0.00109409 -0.00502464 -0.0086813 0.0141815 0.0125101 0.00627783 0.0191735 -0.000651472 0.021177 0.00911167 0.0267804 -0.0237545 -0.0131766 0.0164486 -0.0139259 0.0207132 0.0161697 0.0221409 0.0126281 0.0253166 0.00977522 0.0187943 0.0210945 0.0306442 -0.00937863 -0.0123542 0.0110783 0.0221978 -0.00560562 0.0146494 0.00926494 0.0177638 0.0242201 0.0157326 -0.00436766 0.0145006 -0.00492817 -0.0252504 0.0200229 0.017837 0.0247028 0.0182287 0.0074734 -0.00593397 0.018302 -0.0153233 0.0341893 0.0260853 -0.00861759 -0.0146941
internal_weight=3685.63 2160.95 1418.94 1524.68 175.487 742.008 1118.58 644.004 245.9 100.331 398.103 143.347 417.229 324.992 284.265 154.509 324.78 198.829 474.574 43.4827 431.092 111.126 406.099 1243.46 145.569 107.064 165.879 254.757 192.285 87.9893 92.2371 319.966 53.2678 181.294 170.283 304.832 69.5342 245.901 21.8694 125.951 91.7652 95.4409 35.8271 89.5197 152.825 85.0013 28.995 38.3641 17.668 1077.58 40.7263 140.961 119.148 43.2368 22.1075 17.458 73.8124 11.0105 240.935 56.0063 23.5972 224.032
internal_count=231370 201117 171411 30253 6557 29706 26260 19739 14061 1838 5678 2969 21440 19487 18905 3636 8266 6040 6521 815 5706 2069 3993 164854 12223 2366 17382 2709 2275 1360 1953 3637 860 2058 1800 2893 1520 17179 647 2226 3674 1635 821 1463 1554 930 403 1726 1341 147472 582 3147 1895 572 341 246 1449 258 1866 527 619 16532
is_linear=0
shrinkage=0.03


Tree=7
num_leaves=63
num_cat=0
split_feature=26 175 167 176 176 52 142 120 22 32 163 26 32 115 63 163 125 169 87 27 129 57 137 26 119 94 115 24 82 81 139 82 97 97 141 149 26 30 133 59 138 142 30 171 14 121 170 168 91 70 28 138 3 158 3 45 26 32 79 94 142 145
split_gain=750.098 279.529 167.003 57.0949 78.2113 43.4716 41.3158 38.0893 36.9115 36.6683 31.9098 31.2317 24.3452 27.4157 21.8045 21.4136 21.0431 20.3521 19.6817 19.9685 18.7843 22.1929 19.6831 19.6553 18.6577 18.4034 16.5347 16.7764 16.1535 31.0348 20.9726 16.591 17.5682 15.8991 15.6857 15.3127 18.3435 15.2835 29.359 18.8368 18.0231 15.2626 15.6717 14.9171 24.6273 14.5942 13.9169 13.9069 13.8035 13.6154 13.1369 13.1102 17.5859 12.4682 12.3572 12.2462 12.0395 11.971 11.7302 16.2162 11.5753 11.4338
threshold=0.068461876362562193 18.163414955139164 222689720.00000003 545.87310791015636 39.457519531250007 0.88965430855751049 1.4031156301498415 0.53851598501205455 1.208664119243622 0.00046395449317060416 17.204390525817875 0.089716143906116499 -0.0084556802175939066 0.32727284729480749 0.25000000745058065 11.457771778106691 0.52715066075325023 1.604236423969269 0.90833333134651195 0.10421640053391458 1.3550235629081728 1.1249220967292788 0.16715019196271899 0.025415853597223762 0.27840912342071539 0.70602217316627514 0.25609384477138525 0.095962330698966994 0.30833333730697637 0.38333334028720861 1.0249710083007815 0.74166667461395275 -0.062684904783964143 0.31131610274314886 1.0535351037979128 0.46479846537113195 0.079155996441841139 0.0053639789111912259 0.19060382992029193 0.87025937438011181 1.1292005777359011 2.061943888664246 0.0025707344757393007 58.639568328857429 0.98155057430267345 0.2665166854858399 77.65830230712892 174522344.00000003 0.73831748962402355 0.83333370089530956 0.029543717391788963 0.62987354397773754 0.01134749921038747 3133.7624511718755 0.0013587082503363492 1.0682498812675478 0.10546416416764261 0.0041966577991843232 0.35000000894069677 0.036386782303452499 1.6066660284996035 0.50535529851913463
decision_type=2 2 2 2 2 2 2 2 2 2 2 2 2 2 2 2 2 2 2 2 2 2 2 2 2 2 2 2 2 2 2 2 2 2 2 2 2 2 2 2 2 2 2 2 2 2 2 2 2 2 2 2 2 2 2 2 2 2 2 2 2 2
left_child=1 2 15 4 5 43 16 20 -9 -4 12 28 13 -8 -11 -1 18 58 19 24 22 49 -3 -24 -6 26 -21 54 34 -30 35 -32 -33 -18 -5 -31 -37 41 -39 -40 -41 42 46 44 -2 -13 -25 -46 51 -22 -17 52 -47 -53 -28 -27 -14 60 59 -12 -50 -51
right_child=3 7 9 11 6 -7 10 8 -10 14 17 45 56 -15 -16 50 33 -19 -20 25 21 -23 23 37 -26 55 27 -29 29 30 31 32 -34 -35 -36 36 -38 38 39 40 -42 -43 -44 -45 47 48 -48 -49 57 61 -52 53 -54 -55 -56 -57 -58 -59 -60 -61 -62 -63
leaf_value=-0.025164409812202318 -0.020015615550126643 -0.027376480058684659 -0.020276476042853087 -0.0023910118384752235 0.020103368396621347 -0.0087957456458768891 -0.026025733429777018 -0.016491696740932756 0.026201619200656237 -0.027517262661111857 0.032966929174949769 0.037489067367360095 -0.026049591737944754 0.02737537822316765 0.018992009040987825 -0.0099270325894237742 0.010644367377638837 0.034084376159330264 0.029070227049984243 -0.012337499549235376 -0.021424385503513981 0.030745334417629066 -0.0072303893491761015 0.014972765113195268 -0.018543280897532318 -0.041195150370902704 -0.012000037695700292 -0.024537676949698356 -0.021707922208763806 0.035989359414771466 0.03534952738808584 0.013338195806440443 -0.020460964845269908 -0.043174303409650963 0.027517626250632497 -0.013794887248150993 0.024005258288702019 -0.024883615317444985 0.034234918156223211 0.011802008435288794 -0.035947273051726236 -0.015857038079646529 0.024566612846360306 0.029208708220879061 -0.0010308585912725582 -0.015265677930479407 -0.0085075971082811275 0.029292155578024916 -0.048518259958497977 -0.013831328154251001 0.041063827060128802 0.029265130870729038 0.022344383340076247 0.0048187065785822653 0.022857081446774383 0.0051566972339739062 -0.0077191697289651562 0.017096494471576667 0.024219629337657273 -0.021624059097049873 0.0096568641926613619 0.037044134518109624
leaf_weight=1148.4402680554558 14.887015239728496 11.68934695397911 31.424772177109844 18.760628029180225 14.615140543683081 38.280989791121101 12.45539618693874 123.79260039125802 20.375800395828264 8.9076232602528744 5.113765612011778 82.838396521852701 84.687205748912675 23.296176122268662 116.87705171144626 13.161363165752848 7.9411008069291737 21.935545564163476 48.208720248439931 16.36562140701426 48.047955376176105 10.91156516796036 48.513256848978926 110.06835639192286 39.272138843734865 7.8135674713703365 9.0518361358554085 6.8663758845068505 26.798858494017622 39.231844267545966 8.9833897853968647 22.521010326308897 32.649610601860331 10.541742608511411 88.397137803156511 17.154893232625909 31.022403017734177 25.236786068766378 22.293607665727905 26.547589692323527 8.589352374270673 12.021407334730609 141.85024284088286 211.19689839147031 18.064543306914857 15.596129280005696 27.682127729116473 51.237453475463553 5.295408933481669 7.2392036314995476 5.7009904888109295 260.23339976176794 33.634232446100214 21.021859951608349 144.60311481582903 11.588433402532244 54.416551473084837 20.329637832415756 10.663079722886321 24.092869154996151 5.3484105010284111 6.7654638809035532
leaf_count=161780 566 356 3126 327 332 2083 263 11685 160 780 39 346 7275 149 2650 998 77 236 438 909 3216 351 2881 3397 3671 166 327 176 675 307 81 175 603 173 951 382 248 836 188 805 522 646 2607 1649 825 222 911 512 100 316 60 1653 254 162 2860 328 2121 202 233 727 154 109
internal_value=-0.000428644 -0.0128257 -0.0207352 0.0147184 0.00958204 0.0210328 0.00264861 0.00325394 -0.0102981 0.00823359 -0.00681137 0.0209366 -0.0133516 0.00848754 0.0154837 -0.0246429 0.00972266 0.0115621 0.0116694 0.008202 0.00712266 -0.00686672 0.00948916 0.0105777 -0.0078317 0.0126363 0.0156907 0.0186255 0.0131007 0.0074757 0.012764 -0.000243539 -0.00661869 -0.0205378 0.0222799 0.0222396 0.0104776 0.012907 0.00145809 0.0133126 -0.000459203 0.0161261 0.0175635 0.0249253 0.0139279 0.0259247 0.0102053 0.0214431 0.0231701 -0.0139109 0.006625 0.0249624 0.0103031 0.0274721 0.0207199 -0.0144673 -0.0190065 0.00376955 -0.00128658 -0.0111915 -0.0207094 0.0113768
internal_weight=3593.15 1976.14 1324.51 1617.01 887.195 333.667 553.528 651.625 144.168 157.209 236.661 729.817 174.855 35.7516 125.785 1167.3 316.868 61.8053 298.385 250.176 507.456 72.9642 434.492 422.803 53.8873 196.289 176.887 160.521 285.52 178.362 151.563 64.154 55.1706 18.4828 107.158 87.4091 48.1773 374.289 82.6673 57.4305 35.1369 291.622 279.601 295.386 84.189 444.297 137.75 69.302 361.459 62.0526 18.8624 330.486 49.2304 281.255 153.655 19.402 139.104 30.9735 39.8697 29.2066 10.6438 14.0047
internal_count=231357 198380 169394 32977 26135 5635 20500 28986 11845 6556 11043 6842 9808 412 3430 162838 9457 1235 9207 8769 17141 3992 13149 12793 4003 4766 4272 3363 3749 2471 1796 859 778 250 1278 937 630 9912 2351 1515 1327 7561 6915 3552 1903 3093 4308 1337 2747 3641 1058 2291 476 1815 3187 494 9396 456 999 766 254 425
is_linear=0
shrinkage=0.03


Tree=8
num_leaves=63
num_cat=0
split_feature=25 175 168 27 160 168 101 61 57 27 22 51 87 82 169 88 30 112 69 158 175 91 122 159 178 134 166 105 97 171 142 72 140 177 58 161 168 43 132 25 168 91 97 121 82 51 91 3 121 70 161 117 88 171 168 38 38 25 89 141 128 121
split_gain=633.597 301.851 135.667 66.0503 60.5035 83.0717 44.7582 37.1433 54.7072 31.2197 45.9293 28.256 21.0338 27.3838 20.7311 22.0932 20.7144 20.1611 19.5518 19.0806 18.8065 18.6236 17.3913 17.2968 16.6296 31.3961 15.7379 17.4396 15.6638 15.498 22.6443 25.3399 22.2655 15.7268 16.3498 15.4408 15.3567 14.9306 14.6103 14.5872 27.8275 14.5727 14.2979 13.7264 13.4874 13.4342 13.3259 13.2397 13.1521 15.191 13.0851 13.0117 12.5914 12.5069 12.3399 12.2933 12.1544 12.0579 16.3172 11.9747 11.6589 11.6013
threshold=0.052224325016140945 17.728792190551761 188907064.00000003 0.13305434584617618 471.50373840332037 154266912.00000003 0.51666668057441723 0.9564301371574403 1.2806025147438052 0.096025813370943083 0.86133441329002391 0.72921073436737072 0.60833334922790538 0.70833331346511852 0.7656787931919099 -0.099846258759498582 0.0019671265035867695 -0.091666668653488145 0.67192396521568309 689.53619384765636 35.34156799316407 -0.11412713304162024 0.44686801731586462 1668.5371093750002 0.021202201023697857 0.22462671250104907 6010761472.000001 0.37500000000000006 0.39821992814540869 70.086231231689467 1.4297355413436892 0.74420830607414257 0.91230878233909618 0.023120638914406303 0.95877137780189525 340.96247863769537 33550469.000000004 1.0237367153167727 0.78232115507125866 0.094007421284914031 332850880.00000006 0.13861933350563052 0.42176015675067907 0.63503986597061168 0.29166667163372045 0.89549541473388683 0.87066984176635753 0.0080360244028270262 0.3580517321825028 0.23469392210245135 2718.7927246093755 0.57722416520118724 0.80980554223060619 51.19807434082032 24178377.000000004 -0.030496905557811257 -0.023410996422171589 0.07250488176941873 1.0000000180025095e-35 1.0312937498092654 0.64210402965545665 0.34795117378234869
decision_type=2 2 2 2 2 2 2 2 2 2 2 2 2 2 2 2 2 2 2 2 2 2 2 2 2 2 2 2 2 2 2 2 2 2 2 2 2 2 2 2 2 2 2 2 2 2 2 2 2 2 2 2 2 2 2 2 2 2 2 2 2 2
left_child=1 2 3 11 5 9 22 14 16 10 44 28 13 20 59 61 45 -7 35 -17 54 47 -4 -18 25 -15 37 -28 -1 30 31 33 56 52 -35 -5 60 42 -10 57 -41 -8 -14 -20 -2 51 -46 -21 -22 -50 -39 -9 -11 -43 -6 -51 -31 58 -19 -3 -23 -16
right_child=4 7 6 18 12 17 41 8 38 29 -12 -13 26 24 15 19 23 39 43 21 48 36 -24 -25 -26 -27 27 -29 -30 32 -32 -33 -34 34 -36 -37 -38 50 -40 40 -42 53 -44 -45 46 -47 -48 -49 49 55 -52 -53 -54 -55 -56 -57 -58 -59 -60 -61 -62 -63
leaf_value=-0.02848366075808317 0.016679580025857156 0.024924515050629176 0.0024393148518719607 -0.016168593749797802 0.0033001922230164989 -0.014617594959671944 -0.015085358446141804 -0.020545411604598492 -0.014460847511964178 -0.018333519470145845 -0.023396846241451469 -0.025503910550856847 -0.0048984007413640342 0.023630332921975337 -0.0076969917998357274 0.019239255288872367 -0.012154323197602762 -0.025343112248012799 -0.010803173973974496 -0.0046383504991006795 0.023241993418396341 0.011308346515644791 -0.027438826022981477 0.028514080567882568 0.023551516079934564 -0.022682473253299435 0.021511134663537306 -0.036325629105937826 0.034930798258741839 0.015788151650100703 -0.01351566131423094 -0.033006464483491267 0.022926902225649051 -0.014500840409712154 0.021658607883719382 0.033499718193535324 0.0065538088272067323 0.032768494730436512 0.026261352210449517 0.022094930041783721 -0.023874725792884452 -0.0030910956144825806 0.024543778756235379 0.03359959128815139 -0.027929383703035538 -0.017167514882749618 0.019681588012326629 0.032926309300270511 0.017726575831363361 0.029808588360116593 0.0093339457583496953 0.032807606282523105 0.028191623918358562 0.027176128518420078 -0.038482052571538132 -0.020639132897166231 -0.034136020488994945 0.033989557618721453 0.02221651666867034 -0.017223712638165901 -0.020233726027938537 0.027217958310419826
leaf_weight=4.1659917051729272 50.454634794386948 6.437461210996843 33.976392528980796 36.108033236865595 11.245664349728033 12.381866038245787 9.6390973200323042 5.9635892297956152 8.4562577006872726 21.78308121360897 93.870809973283031 1068.0727420108306 22.700363977361121 31.560049022140447 8.7895263085956667 90.522848623502796 16.480604026830406 6.1926032668998223 7.8022233726587755 12.036357883654999 37.203758727759123 12.470857487525789 34.542169359665422 19.501795463147573 267.28025071998854 21.119358246331103 10.7967153157515 6.7856153744505709 10.261517191000165 6.4373866650130394 60.122944093520346 11.281262437143594 79.55009810590127 11.994914964016059 92.124313016116503 5.6544747364241621 69.254971462438334 240.43169545434284 56.003150406992063 44.300347431912087 15.08680459379684 14.209693002354468 39.628056989335164 23.056879750132794 13.922668513918326 165.41578085427864 7.2580497663002452 24.758244962373283 24.553582418506267 4.1823086073272888 25.006587507581571 9.1828297391912184 5.8075108690245534 75.302947047437556 12.885851509783604 27.426478373527061 9.9956273167699674 112.02809632138815 78.017389077089319 32.506362839732901 49.93277034815037 100.40395666667609
leaf_count=221 1419 111 1566 2166 527 615 544 512 173 1271 12504 153295 218 291 266 1991 1101 191 476 359 502 290 4387 332 2680 531 130 284 235 94 3690 378 1349 547 2524 120 2138 1698 495 439 213 558 235 173 1149 15181 288 308 397 38 227 124 135 1068 645 723 327 743 1163 1338 2399 1163
internal_value=-4.92079e-06 -0.0110427 -0.0194215 -0.0230799 0.0146375 0.00841675 0.00575201 0.00506452 -0.00331053 0.000726805 -0.00968544 -0.0249371 0.0204374 0.0159807 0.0108466 0.0130519 -0.0105441 0.0216842 0.00452513 0.00820729 0.00352535 0.00218271 -0.012758 0.0099811 0.02052 0.00493081 0.0260117 -0.00140223 0.0157658 0.00651152 0.00177474 0.00827388 0.0163826 0.0120543 0.0173661 -0.00874742 -0.00310413 0.0274911 0.020734 0.0235044 0.0101651 0.0185729 0.0138654 0.0222922 0.0083154 -0.0146833 -0.0113274 0.0207611 0.00966118 0.000363123 0.0306153 0.0116437 -0.00779205 0.0223571 -0.019535 -0.0131627 -0.0146231 0.027454 0.0184275 -0.00973189 -0.013804 0.0243359
internal_weight=3526.33 2010.91 1322.79 1155.12 1515.42 732.61 167.67 688.117 281.004 464.603 165.506 1082.5 782.806 437.457 407.113 368.17 216.545 268.007 72.6216 258.976 117.498 168.453 68.5186 35.9824 319.96 52.6794 345.349 17.5823 14.4275 299.097 203.114 142.991 95.9831 131.71 104.119 41.7625 131.659 327.767 64.4594 255.625 59.3872 99.1517 62.3284 30.8591 71.6354 180.562 21.1807 36.7946 93.3661 56.1624 265.438 15.1464 27.5906 89.5126 24.1315 31.6088 16.433 196.238 84.21 38.9438 62.4036 109.193
internal_count=231255 193090 164809 156686 38165 29039 8123 28281 17918 25675 15360 153751 9126 6334 10363 8914 17250 3364 2935 7485 2832 5494 5953 1433 3502 822 2792 414 456 10315 8545 4855 1770 4477 3071 2286 4827 2378 668 2749 652 2170 453 649 2856 15817 1437 667 1660 1158 1925 636 1406 1626 1172 761 421 2097 1354 1449 2689 1429
is_linear=0
shrinkage=0.03


Tree=9
num_leaves=63
num_cat=0
split_feature=25 175 167 27 25 51 22 72 27 94 51 27 32 30 176 12 87 169 86 148 168 57 92 80 92 172 162 88 115 25 3 39 90 97 174 117 182 46 12 56 133 30 55 41 170 177 5 141 5 59 178 120 167 178 163 167 32 168 86 164 31 30
split_gain=643.997 253.313 167.911 67.8506 67.5668 42.7592 37.624 37.4074 37.2405 32.5667 31.0368 28.3992 27.7459 33.3437 26.7466 25.8777 25.6587 23.3693 22.9043 21.8699 21.5844 22.5069 20.8986 22.5599 22.2831 20.0475 19.1665 17.6879 26.1101 17.4779 17.246 16.7112 16.6826 17.2472 16.3468 16.1179 16.1077 16.0605 15.817 15.4889 16.0858 15.3027 14.9068 13.9611 13.8272 13.7174 13.6995 13.1201 12.9835 12.5909 17.0072 17.7024 12.9307 12.4627 12.4293 12.4026 18.1594 12.3857 12.3013 12.2389 15.7238 12.3655
threshold=0.050301967188715942 17.728792190551761 211531288.00000003 0.14195422828197482 0.064544741064310088 0.88659894466400158 0.98089498281478893 0.80314961075782787 0.14195422828197482 0.87395110726356517 0.74696949124336254 0.15447457134723666 -0.0058805188164114943 0.0023462020326405768 616.05279541015636 0.028255944140255455 0.35833333432674414 1.0388849377632143 -0.516666680574417 0.78424760699272167 154266912.00000003 1.2806025147438052 0.76765319705009472 0.27500000596046453 0.4690015316009522 84.843776702880874 31.841104507446293 0.30920097231864935 0.24661371111869815 0.030887327156960968 0.035688711330294616 0.0033725238172337417 -0.10842224210500716 0.55807968974113475 65.677997589111342 0.33920599520206457 19.997075080871586 1.3159999251365664 0.092859823256731047 1.2097696065902712 0.17204208672046664 0.0043392456136643895 1.0395505428314211 -0.088733132928609834 43.63372993469239 0.036523081362247474 0.014893963001668455 0.83709782361984264 0.010219355579465629 0.94784227013587963 0.054887371137738235 0.27130405604839331 20067109.000000004 0.01064823614433408 1.7329960465431216 6493029.5000000009 -0.0072549767792224875 304012592.00000006 -0.81666666269302357 -21.53438568115234 0.0052769156172871598 0.0079498151317238825
decision_type=2 2 2 2 2 2 2 2 2 2 2 2 2 2 2 2 2 2 2 2 2 2 2 2 2 2 2 2 2 2 2 2 2 2 2 2 2 2 2 2 2 2 2 2 2 2 2 2 2 2 2 2 2 2 2 2 2 2 2 2 2 2
left_child=1 2 3 10 8 19 22 11 17 16 -1 14 42 46 20 41 48 43 -5 29 21 36 23 53 -25 59 -23 58 -29 -3 35 34 -31 -34 -30 37 -6 -13 -22 40 45 -15 -7 -2 -45 -10 -14 -18 -9 50 52 -52 -49 -4 -55 -44 -57 -12 -16 -19 -61 -62
right_child=4 5 6 18 7 12 -8 9 39 -11 57 30 13 15 27 -17 47 25 -20 -21 38 26 -24 24 -26 -27 -28 28 31 32 -32 -33 33 -35 -36 -37 -38 -39 -40 -41 -42 -43 55 44 -46 -47 -48 49 -50 -51 51 -53 -54 54 -56 56 -58 -59 -60 60 61 -63
leaf_value=0.01595191724698436 0.01507086618178884 0.023249010928235943 0.011818565499629839 0.022239764786454366 -0.016232343454703618 -0.018560734816302073 -0.024713931716607872 0.012761796253793489 -0.023847999933082283 -0.024298454645568009 -0.025893619388135548 0.026753186877772908 -0.016884135237005514 0.025108070545649445 0.0023494224808103289 -0.015496265007693381 0.0031799577018263186 0.017043304460281711 -0.022891619934167072 -0.031031055104580936 -0.027600706205213456 -0.0044061091294366594 0.029672361553823773 0.031642652117497824 -0.030182643260515972 0.019203736445927166 0.026841137883249291 -0.035868508622954341 -0.04717941989957064 -0.021499343926116493 -0.014077886533572703 0.022879239420323882 0.014718648207535923 -0.013046711961366697 0.0062826568491259728 0.027943219786455208 0.0071172295727497236 -0.030080512388136763 0.019555499160310904 -0.019557026249798659 0.030205959971061354 -0.014525971111805936 0.035030210840870463 -0.022942003140392069 -0.0036075058011686891 0.02136488476846899 0.0075886584394244082 0.0052952211859103168 -0.032223622557020049 0.038658399568371304 -0.020053165590299984 0.022393684015479441 0.029359314348360224 -0.028091665614840073 0.021359345708642383 -0.03193262821565146 0.025525081489523 0.026403143028283112 0.026367159731969386 -0.020558141808562108 0.029209084125475571 -0.0064927662950796496
leaf_weight=15.640301253966753 17.157590281021839 109.44413964899286 16.912365563010098 37.349538375849079 90.382809936923877 8.5905611859343463 24.117248568105424 13.043978024470563 10.020934919943103 11.284410308195218 1028.8784415462687 7.4807156815368208 171.85192360129076 52.330859071589657 22.876869001120212 28.076312504868838 20.312012426034926 22.222210093575995 12.789968900473466 9.1539614089706429 6.0333543464075765 33.706191100609431 53.720204993034713 33.223230097850319 5.3288370525988276 66.262744893047056 35.263532160810428 10.689287614077328 5.74540290640289 14.857341468392404 9.8757097043562663 47.281847166152147 138.81809102282386 22.612529702513712 20.744418798036349 171.34076129942696 36.621008433568932 8.4616378698556201 80.084485622304783 7.4954275338677681 69.481011993466382 9.7068831412470882 27.912501502898522 64.162768997315652 69.853468018185595 12.350283763225887 22.6095781453987 22.458493622718379 8.8041292492744088 87.139076476156333 13.884851321978202 20.769656289296108 288.21744402479817 24.956444179442773 4.7112630746560162 7.0538159238931248 11.829582280945035 3.2784359242068595 136.24883847920864 39.893027290198006 12.656134704368013 23.226293807983893
leaf_count=726 728 1823 352 1058 8156 238 3276 352 295 286 152316 78 15664 826 218 1553 206 309 898 528 357 1568 561 583 503 1900 599 165 167 529 193 485 3402 750 428 1786 859 267 1060 276 905 292 164 6388 3929 179 1395 396 421 525 153 199 1927 1172 148 124 183 70 1087 4028 351 745
internal_value=0.000437751 -0.0114348 -0.0192117 -0.0234278 0.0143013 0.00401246 0.00914409 0.017885 0.00383294 0.0243377 -0.02506 0.0135155 -0.00322985 -0.00702566 0.00983155 0.00797827 0.025549 -0.00121838 0.0104461 0.0123547 0.00350896 -0.00199095 0.015181 0.00576347 0.022474 0.00658586 0.0116827 0.017097 0.00585932 0.0138584 0.0232234 0.0123445 0.00791337 0.0107545 -0.0064981 0.0252706 -0.00947315 -0.00323006 0.0159384 0.0197533 0.0231696 0.018727 0.0159985 -0.00970547 -0.0129878 0.000830082 -0.0139991 0.0270803 -0.00585161 0.028186 0.0254308 0.00521714 0.0276519 -0.00818562 -0.0197006 0.0226611 0.00338456 -0.0256992 0.0229692 -0.00202342 -0.00780324 0.00646887
internal_weight=3519.29 1895.75 1260.91 1097.94 1623.53 634.848 162.97 1208.75 414.782 485.914 1047.8 722.837 339.962 284.576 525.678 90.1141 474.63 315.434 50.1395 294.886 282.091 195.974 138.852 85.1321 38.5521 164.26 68.9697 243.587 84.461 285.732 197.159 73.7717 176.288 161.431 26.4898 187.283 127.004 15.9424 86.1178 99.3477 91.8522 62.0377 55.3865 151.174 134.016 22.3712 194.462 452.782 21.8481 432.47 345.33 34.6545 310.676 46.5801 29.6677 46.7959 18.8834 1032.16 159.126 97.9977 75.7755 35.8824
internal_count=231105 189134 161663 155068 41971 27471 6595 21938 20033 4465 153112 17473 20439 19730 15149 2671 4179 18378 1956 7032 12599 11182 3319 2758 1086 7333 2167 2550 1245 6504 2324 1080 4681 4152 595 2131 9015 345 1417 1655 1379 1118 709 11045 10317 474 17059 3406 773 3200 2675 352 2323 1672 1320 471 307 152386 1305 5433 5124 1096
is_linear=0
shrinkage=0.03


Tree=10
num_leaves=63
num_cat=0
split_feature=26 175 167 171 175 70 27 30 16 168 27 163 96 88 89 142 168 128 26 167 163 57 81 85 52 167 178 135 135 168 163 102 27 77 95 61 179 70 39 10 49 27 148 44 170 142 94 12 24 77 19 166 30 174 151 77 133 172 89 169 95 178
split_gain=794.313 243.279 138.267 48.4366 69.1096 47.1067 44.0243 33.5892 31.9525 29.6522 34.237 32.8775 32.2471 28.9587 26.1174 20.9333 19.2535 22.6093 17.7519 17.1834 20.2392 15.7591 14.9401 14.0025 21.5473 21.4402 14.558 14.6892 13.9854 13.6852 13.3754 13.3206 13.0437 19.6635 13.7133 17.6082 18.521 13.2884 12.6655 13.7399 12.5816 12.1923 12.9217 12.3326 13.7836 14.1544 11.8176 11.726 11.5207 13.6262 11.4 11.1841 12.7515 10.7531 10.7153 10.5929 10.3832 10.248 13.5994 10.2252 10.1504 10.1338
threshold=0.06637329608201982 18.163414955139164 222689720.00000003 59.374902725219734 17.324316978454593 0.78846153616905224 0.11323358491063119 1.0000000180025095e-35 0.97775599360466015 127534560.00000001 0.10904583707451822 0.3905568420886994 0.33658362925052648 0.035578368231654174 0.51580733060836803 1.1886826157569887 21842091.000000004 0.84196028113365184 0.081319503486156478 343795584.00000006 0.12133968621492387 0.87788188457489025 0.71666666865348827 0.72499999403953563 0.71059799194335949 34965790.000000007 0.054887371137738235 0.2561152875423432 0.28096988797187811 6578250.0000000009 15.803481578826906 0.50833332538604747 0.078566983342170729 0.27500000596046453 -0.24809850752353665 1.0742452740669253 0.038722673431038863 0.048128468915820129 -0.017051852308213707 1.0246914029121401 0.91006928682327282 0.13581775873899463 0.33491539955139166 1.0721095800399782 26.703316688537601 1.3737372756004336 -0.14394298195838925 0.065469190478324904 0.0251090107485652 0.39166666567325598 0.97396141290664684 -51263199.999999993 -0.010615741368383167 8.4450221061706561 0.45361015200614935 0.59166666865348827 0.57550764083862316 95.722831726074233 0.8422926962375642 0.80227643251419078 -0.39614479243755335 0.044632347300648696
decision_type=2 2 2 2 2 2 2 2 2 2 2 2 2 2 2 2 2 2 2 2 2 2 2 2 2 2 2 2 2 2 2 2 2 2 2 2 2 2 2 2 2 2 2 2 2 2 2 2 2 2 2 2 2 2 2 2 2 2 2 2 2 2
left_child=1 2 21 4 9 6 7 -3 19 10 -2 55 -13 46 32 53 17 40 -19 31 -21 -1 29 56 25 -25 -27 -28 -15 -7 50 -4 33 -6 -34 36 41 -37 -16 -40 -5 42 -36 -44 45 -45 59 -8 -17 60 -26 -35 -53 -12 -22 -11 -18 58 -31 -9 -50 -39
right_child=3 5 8 16 14 22 47 13 -10 11 15 12 -14 28 38 48 23 18 -20 20 54 -23 -24 24 30 26 27 -29 -30 57 -32 -33 34 51 35 37 -38 61 39 -41 -42 -43 43 44 -46 -47 -48 -49 49 -51 -52 52 -54 -55 -56 -57 -58 -59 -60 -61 -62 -63
leaf_value=0.0076694208206266844 -0.025602789821714236 -0.021416404361047154 -0.00073832212960367656 -0.033930321649709952 -0.037486046497820356 -0.0090365132341838177 -0.011252602449808047 0.016240265431110228 -0.026531234621659162 0.00010151103828018376 -0.0035309764825152724 0.019866115299573522 -0.035890234194256576 0.0040147436716019376 -0.027845632254252708 -0.028239276171189473 0.02791605730807023 -0.0046625382334249321 0.021411546109519029 0.019416620413541592 0.0047444784111553614 -0.025775223883068722 -0.023766115176224477 -0.0091990621854643895 -0.043283322108234552 0.024125508988774486 0.019973576488793401 -0.028395497020155185 -0.022922698415881806 0.014039921912612352 0.019815539332839565 0.02701276130347656 0.0295257129962192 0.029579350736695199 0.039181674557456588 -0.020065914998037466 -0.0067085396346471537 0.027770525382988739 -0.0071730732339024637 0.020864487965017293 0.014560183358203518 0.028921031620289098 -0.017068572565103433 0.015899270025242943 0.028566549611074923 -0.028329928843647257 0.015897224699356276 0.023505980666037051 -0.023118695331881198 -0.020108726344332608 0.0030749340162781439 -0.029277701105966409 0.015606077707109567 0.025660703735135786 -0.034281415169441817 0.027213315305136335 0.00036795014826810035 0.025837806635111663 -0.021962269544405572 -0.024750840171727431 0.01683129632585156 -0.0068862318891259556
leaf_weight=12.283953423517231 67.940587077530836 125.97298105372829 20.671839346265187 13.898821858361773 7.458052744914311 20.213182958286779 9.7037056405824824 7.9611095658037838 22.538110059613246 16.67926508160599 16.621560846360808 15.172882314218439 21.230586113657409 24.79062060538854 11.399889320309738 19.683287707601266 311.66014232531961 30.751126607556216 92.357594364570105 19.33218824553478 9.4236734082078346 1058.6293929838657 8.8904486668034206 20.260215393922408 9.4471179521278881 266.87108632650052 11.569223399957993 9.2555737608636246 53.548038836248452 122.10946205658001 9.5853800584736728 58.978070908749942 120.40036254242295 18.050045771058649 13.694651669822631 17.118059034226462 19.883542035706341 16.01983523636591 34.349394560160363 27.328814624735969 6.3266057497821739 128.81836359790759 13.306633492582476 15.285287832608448 27.550219481112435 9.8405041945661633 72.360659961545025 52.12599858798967 6.0911961927777147 21.959827192389639 8.3552242144651228 8.2571428124210797 13.787670456094929 32.401727489739642 16.372870795508788 61.178274338773917 13.076484989549497 68.426349927307456 9.2815406327135843 13.193786557974816 29.216154891175393 12.9235008462565
leaf_count=818 9292 13338 1170 502 211 747 547 189 3090 628 898 263 871 976 420 1240 4112 1475 1515 477 320 160280 582 182 376 1882 98 167 4754 2453 171 673 917 138 130 232 291 127 1067 500 181 811 343 285 317 270 1910 942 366 1461 300 125 403 775 653 642 354 1052 263 515 1124 108
internal_value=-0.00029976 -0.0139891 -0.0216357 0.0148993 0.00976099 0.00184259 -0.00491981 -0.00971363 0.00556477 -0.00146847 -0.00860541 0.0105873 -0.0126611 -0.00104361 0.0164702 0.000667496 0.0201446 0.0100395 0.0148893 0.0115508 -0.00315052 -0.025382 0.0124552 0.0223158 0.0178779 0.0201446 0.0222461 -0.00170264 -0.0144173 0.0140332 -0.00731528 0.0198534 0.019209 0.00418469 0.0209958 0.0171491 0.0205483 0.000153287 -0.000105029 0.00533682 -0.0186496 0.0231816 0.0136217 0.0077662 0.0142968 -0.00172958 0.0101619 0.0179109 -0.00903312 -0.00200894 -0.0223599 0.0127324 -0.00161643 0.0158304 -0.020268 0.0215182 0.0268205 0.0164152 0.0113274 -0.00915271 0.00940961 0.0124826
internal_weight=3433.87 1806.81 1218.23 1627.06 823.647 588.578 359.657 297.827 147.317 308.175 193.914 114.261 36.4035 171.854 515.472 125.974 803.415 143.334 123.109 124.779 45.1287 1070.91 228.921 660.08 335.344 307.956 287.696 20.8248 78.3387 220.031 27.3877 79.6499 442.394 47.5529 394.841 274.441 228.379 46.0614 73.0781 61.6782 20.2254 208.496 79.6773 65.9826 52.676 25.1258 93.5156 61.8297 76.9505 57.2672 17.8023 40.0949 22.0448 49.0233 25.7965 77.8575 324.737 199.817 131.391 21.1549 35.3074 28.9433
internal_count=231319 195749 167481 35570 24255 28268 23171 21682 6383 17560 15156 2404 1134 8344 6695 5864 11315 3673 2990 3293 1450 161098 5097 7642 3176 2329 2147 265 5730 4515 847 1843 4708 877 3831 2914 2447 467 1987 1567 683 2156 1345 1215 872 555 2614 1489 4191 2951 676 666 528 1673 973 1270 4466 3768 2716 704 1490 235
is_linear=0
shrinkage=0.03


Tree=11
num_leaves=63
num_cat=0
split_feature=26 182 167 27 137 30 173 86 112 47 166 163 139 160 174 26 77 12 161 174 117 17 133 85 112 42 88 22 169 147 82 166 140 164 174 130 96 72 183 81 112 142 131 12 56 95 142 12 139 42 96 163 174 88 88 177 86 140 15 4 86 24
split_gain=781.556 223.582 94.6295 56.4834 50.2406 38.7581 37.5294 34.7446 34.4953 25.7828 23.6605 18.8035 18.6784 18.6047 20.079 18.1997 18.5045 16.6772 16.4791 36.3017 23.3441 15.5841 14.8501 14.3828 19.1118 16.6043 15.8932 14.2468 14.191 14.832 16.0943 18.6366 14.6144 13.8915 13.768 13.6079 13.5858 13.5848 15.72 13.6081 18.7248 13.515 13.2951 13.1172 13.0469 13.6377 12.9624 14.4793 12.9027 12.8151 12.6267 12.3827 12.0067 11.9252 11.7937 11.3459 11.2687 11.2176 10.924 10.6665 10.6617 10.5389
threshold=0.061646359041333205 20.539305686950687 222689720.00000003 0.13305434584617618 0.5730886459350587 0.0019161908421665432 691.29446411132824 -0.81666666269302357 0.058333335444331176 1.5037736892700198 618905408.00000012 11.457771778106691 0.56366291642189037 471.50373840332037 15.997916698455812 0.069191489368677153 0.75833332538604747 0.080929767340421691 30.805028915405277 23.551961898803714 0.55448910593986522 1.3570607900619509 0.16220089048147204 0.52500000596046459 -0.058333335444331162 0.052420264109969146 -0.043985882773995393 0.96378344297409069 1.0101346969604494 0.52326130867004406 0.14166667312383655 28548147.000000004 1.346763074398041 45.894672393798835 1.6039446592330935 0.81187960505485546 0.17703388631343844 0.1299722567200661 1.0606549978256228 0.050000002607703216 0.075000002980232253 1.5755143761634829 0.60945826768875133 0.45287482440471655 0.89334425330162059 0.6160966455936433 1.0800753831863406 0.13096316158771518 0.68544244766235363 0.1206982545554638 -0.098696243017911897 -8.5380821228027326 20.489578247070316 0.73855552077293407 -0.25229354202747339 0.040400888770818717 0.55000001192092907 0.95759841799736034 0.96614992618560802 0.10312265902757646 0.71666666865348827 0.06542577221989633
decision_type=2 2 2 2 2 2 2 2 2 2 2 2 2 2 2 2 2 2 2 2 2 2 2 2 2 2 2 2 2 2 2 2 2 2 2 2 2 2 2 2 2 2 2 2 2 2 2 2 2 2 2 2 2 2 2 2 2 2 2 2 2 2
left_child=1 2 9 4 7 6 36 46 -4 11 23 -1 -5 14 37 16 -9 -15 20 -20 34 27 -16 25 -25 56 -26 58 32 -30 35 61 41 52 -6 44 -3 38 -14 40 -39 53 -28 -42 45 -31 47 -2 -10 -41 -21 -11 -12 -17 -13 -46 -7 -50 -8 -43 -54 -32
right_child=3 5 8 12 18 10 21 15 48 51 33 54 13 17 22 28 -18 -19 19 50 -22 -23 -24 24 26 -27 42 -29 29 30 31 -33 -34 -35 -36 -37 -38 39 -40 49 43 59 -44 -45 55 -47 -48 -49 57 -51 -52 -53 60 -55 -56 -57 -58 -59 -60 -61 -62 -63
leaf_value=-0.025246232091426457 0.033011466138383655 -0.020577006214756211 -0.019637909192898009 -0.014188283344902512 -0.031931158554751718 -0.025906403857240544 -0.024366347656423093 -0.014275898621860674 -0.02468311896352144 0.029405408093872164 -0.0050856611874628022 0.020233242034721419 -0.012002234445455902 0.013193933488482145 -0.025560719533654411 0.011654942979823358 0.012819656464439479 0.029335907113535811 -0.02599751937996711 0.019627909602301062 0.020182147055533926 0.021349796717099002 0.008661243619234699 -0.032467726572890078 0.0237623239915743 0.028089615290547661 0.012500001597011211 -0.025007692561205459 0.024240954543981629 -0.041162657326535124 0.0088325906507977243 0.022791175909420661 0.020796137064212284 -0.013425059634048027 0.010287609432160052 0.020441899561369527 0.019544891890933069 -0.01891878101127464 0.021858353502881622 0.031179582290161396 -0.010430196053890362 0.011753387632318315 -0.032581051737925269 0.029039801396950074 -0.018389928897092178 0.0040533878654929866 -0.012997010604322847 -0.028572387088518735 0.03066983349914558 -0.0056943220773263649 -0.0049163108401657921 -0.023558400990908428 0.015560801993084737 -0.014861963010046527 -0.016860943724998599 0.022698517519250342 0.012519328634537445 0.0077806204125300971 0.0079417528263527552 -0.039025265934187696 0.033167774604839231 -0.040555887832851092
leaf_weight=1040.1717035953625 11.794966733112231 8.0679493257339328 40.180712531338941 12.585537065475362 15.270076421511478 11.808428221964279 13.329742272377187 35.113356813464634 6.4227358906100553 11.321527640029673 14.285778086785283 12.553207649740218 23.129017962564831 75.206325548853783 13.80167541457922 90.892273201941862 59.914336363231996 300.30868438431207 62.065631174882583 29.703558507026173 49.697117319301469 8.750385796884073 48.764994475252024 20.631027832510881 16.941386974183843 25.937110141167068 9.3543120442191157 86.145857421968685 271.96258137812038 13.737504031741993 8.2411662907106784 129.2458673385845 68.680476226125393 10.891460296581498 11.328361058069275 22.339361656326219 48.215906590148734 13.515864474349653 24.242699638445629 124.80008470858593 9.0344857004092756 4.9482518936856641 12.923641392961143 33.321445784342359 8.5511294088792074 9.6619560522376542 57.662166247768255 3.7852521008171598 31.362022302026162 8.6468312598299217 47.847517853217141 4.9261385401987345 75.746553575812868 17.323026927759201 16.888091567343508 15.55296174273826 13.800663404552322 51.285879304734408 26.411155729198072 9.9587109220301482 57.352208655982395 5.8114987250883123
leaf_count=158423 227 841 4176 313 1649 770 662 2829 164 159 598 245 1083 865 419 2677 2264 1425 7615 618 722 134 981 965 260 556 261 9872 3888 282 258 2130 1583 421 207 248 1522 506 549 1456 216 189 810 304 123 95 2559 419 371 217 2132 614 1665 734 1424 160 341 1402 1164 549 700 232
internal_value=0.000258696 -0.0143764 -0.0211189 0.0142868 0.00992618 0.00341189 -0.00690019 0.0132231 0.00310504 -0.0240052 0.0107222 -0.0245776 0.0209899 0.0216705 0.0159654 0.0150968 0.00273203 0.0261547 -0.00296696 -0.0090818 0.00815679 -0.0154797 0.000781625 8.83293e-05 -0.00981423 0.0116113 0.00253886 -0.0182114 0.0168216 0.0195647 0.0134986 0.0192229 0.00980283 0.01814 -0.0141201 0.00160589 0.0134825 0.0199462 0.00535771 0.0235335 0.0107506 0.0035282 -0.0137992 0.0205053 -0.00742904 -0.0229685 -0.00642191 0.0170477 0.013502 0.0287434 0.0045766 0.0127385 0.0205676 0.00728545 -0.000801043 0.00785064 -0.00539387 0.016765 -0.00315336 -0.0223018 0.0233608 -0.0127302
internal_weight=3424.15 1675.71 1215.11 1748.45 1061.09 460.594 190.921 845.177 129.251 1085.86 269.673 1069.61 687.358 674.772 299.257 771.934 95.0277 375.515 215.912 139.617 76.2956 134.637 62.5667 111.397 59.8504 51.5462 39.2193 125.887 676.907 485.104 213.141 143.299 191.803 158.276 26.5984 69.8429 56.2839 236.69 47.3717 189.319 55.8718 123.122 22.278 42.3559 47.5036 23.3995 73.2424 15.5802 89.0706 133.447 77.5511 16.2477 147.385 108.215 29.4413 24.1041 25.6091 82.6479 39.7409 14.907 133.099 14.0527
internal_count=231243 188520 166978 42723 34389 21542 14195 21446 6113 160865 7347 160092 8334 8021 5731 18241 5093 2290 12943 10365 2578 11832 1400 3963 2296 1667 1331 11698 13148 7416 3528 2620 5732 3384 1856 908 2363 4331 1632 2699 1026 4149 1071 520 660 377 3205 646 1937 1673 2750 773 2963 3411 1669 283 1111 1773 1826 738 2365 490
is_linear=0
shrinkage=0.03


Tree=12
num_leaves=63
num_cat=0
split_feature=27 21 160 168 175 167 27 77 174 46 138 87 12 117 176 16 182 174 117 70 166 20 12 166 12 24 72 171 140 141 59 25 93 136 177 70 131 179 176 12 178 143 114 93 75 15 96 175 97 70 142 86 144 44 29 46 18 6 148 13 162 97
split_gain=561.256 200.721 86.8568 82.583 72.6297 139.097 66.0531 42.4484 29.4111 27.8182 26.0134 25.8752 23.4971 21.7752 20.7478 19.2622 19.1471 20.1404 18.5325 17.9737 17.4875 18.5646 16.9618 20.5616 18.5602 20.9069 17.4437 16.7393 16.0261 18.3824 26.0018 19.0381 15.5608 15.5057 15.3781 14.9344 14.5927 14.2922 14.0539 13.8266 25.5051 15.4933 13.9718 13.237 14.2314 12.9251 12.802 12.5239 12.2247 16.1756 12.0603 15.009 11.9865 11.8975 11.7984 17.5614 11.6664 13.7039 11.5928 11.5594 11.5254 17.5786
threshold=0.078566983342170729 0.98278146982193004 471.50373840332037 158958952.00000003 16.151922225952152 222689720.00000003 0.15447457134723666 0.89166665077209484 43.931804656982429 1.2379792928695681 1.3915706872940066 0.42499999701976782 0.080929767340421691 0.60220476984977733 168.86616516113284 0.75658500194549572 3.3936449289321904 26.520096778869632 0.52778539061546337 0.74291959404945385 618905408.00000012 0.99820348620414745 0.023527838289737705 2144453312.0000002 0.028255944140255455 0.022895904257893566 0.76231718063354503 8.7786717414855975 0.70862773060798656 1.8369932770729067 0.96170786023139965 0.030683838762342933 0.12967753410339358 0.44090305268764501 0.049628321081399925 0.93846240639686596 0.79811552166938793 -0.023417033255100247 17.599218368530277 0.072207666933536543 0.010740871075540783 0.33952571451663976 0.8750002682209016 -0.12919200956821439 1.0000000180025095e-35 0.97073030471801769 0.35031838715076452 18.611813545227054 -0.09688390418887137 0.40740880370140081 1.178078353404999 0.68333333730697643 0.63747608661651622 1.0323488116264345 -0.00017387005209457127 1.2536681890487673 0.94042113423347484 0.12903539091348651 0.064767874777317061 1.0535336136817934 63.627845764160163 0.42924846708774572
decision_type=2 2 2 2 2 2 2 2 2 2 2 2 2 2 2 2 2 2 2 2 2 2 2 2 2 2 2 2 2 2 2 2 2 2 2 2 2 2 2 2 2 2 2 2 2 2 2 2 2 2 2 2 2 2 2 2 2 2 2 2 2 2
left_child=1 4 3 6 5 15 7 9 13 47 20 38 22 -3 -13 -1 19 -18 27 -9 21 35 23 -4 -24 26 -26 -8 -14 31 -31 45 54 -11 36 58 -27 -34 -5 40 -22 -41 50 -38 -45 -30 -19 -2 49 -29 -42 -52 -12 -35 55 -10 57 -33 -6 -20 61 -58
right_child=2 8 12 11 10 -7 18 16 32 33 52 14 28 -15 -16 -17 17 46 59 -21 39 -23 24 -25 25 34 -28 48 29 30 -32 56 37 53 -36 -37 43 -39 -40 41 42 -43 -44 44 -46 -47 -48 -49 -50 -51 51 -53 -54 -55 -56 -57 60 -59 -60 -61 -62 -63
leaf_value=0.015732118872461946 -0.024141139498326625 -0.025948124735105379 0.033294216648868093 -0.042358405461067325 0.032927196953237779 0.015344398626834141 -0.025170471362922695 -0.021443787755719871 -0.019721634718106045 0.0050321923179170152 -0.028540649747927724 0.024382414012235374 -0.013018131367008797 0.0070144504081193545 -0.01731122099877782 -0.022030870966064681 -0.014879853855138105 0.029957583005927598 -0.01869984403741997 0.030514848980311041 0.036594871938994841 0.034171712969153105 -0.029256266524557803 -0.0059849495524704676 -0.026304217898414362 0.026625974296635269 0.017324102814544773 -0.030786280001893422 0.020453320033854649 0.025984042644222358 -0.025699275708783036 0.022932825624193329 0.018332265359779384 0.015021864213668211 -0.013449961589316111 0.018440030874909804 0.019927214393248821 -0.035355323663785659 0.0042157711192617117 -0.010532694581371684 0.014719393589940807 0.029360150461482097 0.030192992953387732 -0.036066905203950964 0.005021912963908472 -0.026177711937581522 -0.007364871070153353 0.005293359497716755 0.031367010979229303 0.022312428797587974 -0.027079915421012495 0.0039257517121495692 0.007536108829312849 -0.022238934484605108 0.027370452662267352 0.021922541307196289 0.024680054869829916 -0.010717113042068764 -0.011962981841775081 0.013493934591721985 0.032650043909666963 0.0029479898797875586
leaf_weight=11.869345503801012 157.07928060713675 723.12999479074642 51.215589707426261 6.6878384786832639 4.5684557154308996 136.31495073398401 5.3824726866732808 6.2839841457316643 23.890473144769203 78.718179479546961 22.870875198997965 210.63237991896676 11.292312532139475 17.962962386969593 10.547618593409423 315.97873567228089 44.645835140116105 20.235775676323101 18.059128240856808 37.663836845924379 22.814789900090545 12.734986160561673 10.95452016184572 15.056202889561972 23.638981247509946 66.958090066000295 11.478708598297088 6.6135485997365349 8.6702234437834722 16.554294416622724 16.487772275024327 24.723002792918123 4.9150721689511583 8.4977787120733392 17.085884033353068 21.889390108641237 49.149455709124595 19.920943030891067 23.203675175631361 9.2271342413732764 22.706991587379889 78.250751053754357 12.172567462432196 7.9141651949612415 49.794024739829183 10.966095239215063 12.830498355004236 13.644586821377741 73.903009298781399 15.03144518425688 25.676774289029709 28.927542313875165 11.988576755487882 43.390997615973902 13.347291495942043 13.368577778048346 326.74292851185237 17.955041880151839 75.523019230458885 20.174110924999695 150.57603144556924 37.991538047266658
leaf_count=413 22183 109160 657 552 38 3050 264 577 2258 4295 1287 1958 226 1401 303 46670 2209 163 835 446 166 165 681 593 1311 643 154 341 168 165 346 170 176 337 405 466 853 2024 900 213 471 841 171 284 1238 559 382 598 1202 181 1386 756 307 4287 341 214 2991 157 3849 511 608 723
internal_value=-0.000178553 -0.0128217 0.0116752 0.00450946 -0.00226461 -0.0100348 -0.00188026 -0.00778398 -0.0233204 -0.0138129 0.00804985 0.0187788 0.0179587 -0.0251367 0.0223117 -0.0206109 0.00711507 -0.00184077 0.0159703 0.0227069 0.0107885 0.00140291 0.0110333 0.0243695 0.00720432 0.00910577 -0.0118758 0.0226541 0.0213074 0.0219672 0.000108937 0.0232101 -0.00534289 -0.00332336 0.0130229 -0.00295209 0.0157043 -0.0243161 -0.00714136 0.0161291 0.00899617 0.0250469 0.00159979 0.00864951 -0.00108031 -0.00544946 0.0155964 -0.0217541 0.025612 0.00531277 -0.00319193 -0.010825 -0.0161856 -0.0159114 0.00420117 -0.0045188 0.0242319 0.00878606 -0.00899096 -0.00172508 0.0254859 0.0224388
internal_weight=3368.48 1630.05 1738.43 813.226 813.515 464.163 562.154 422.991 816.535 301.331 349.352 251.072 925.205 741.093 221.18 327.848 121.66 77.7121 139.164 43.9478 314.492 114.716 303.246 66.2718 236.974 226.019 35.1177 100.93 621.959 610.667 33.0421 577.625 75.4424 130.607 190.902 101.981 173.816 24.836 29.8915 199.777 112.299 87.4779 89.4839 106.858 57.7082 19.6363 33.0663 170.724 95.548 21.645 77.3113 54.6043 34.8595 51.8888 50.6063 37.2591 557.989 42.678 80.0915 38.2332 515.31 364.734
internal_count=231279 175823 55456 42524 60249 50133 38811 35477 115574 31700 10116 3713 12932 110561 2261 47083 3777 2754 3334 1023 8522 4518 6819 1250 5569 4888 1465 1988 6113 5887 511 5376 5013 8919 3423 4353 3018 2200 1452 4004 2950 1054 2784 2375 1522 727 545 22781 1724 522 2613 2142 1594 4624 2813 2472 4649 327 3887 1346 4322 3714
is_linear=0
shrinkage=0.03


Tree=13
num_leaves=63
num_cat=0
split_feature=26 182 167 71 160 171 22 57 32 182 138 151 177 163 26 39 39 120 166 17 88 143 25 10 163 175 95 12 71 31 62 138 170 16 133 136 158 88 12 136 143 55 146 180 158 168 114 72 102 82 94 93 155 143 12 95 166 9 117 95 12 179
split_gain=700.71 219.173 145.394 41.6174 37.622 63.5969 36.4031 32.4499 24.2632 22.9492 19.2645 18.3722 17.3957 20.345 16.906 16.3836 15.7184 16.0402 15.1871 15.5154 15.1086 17.5427 14.8381 18.7749 14.8042 13.4813 13.1654 13.0747 12.6793 17.4005 12.6378 12.2973 12.6924 12.1912 11.6131 13.0361 11.4017 16.3913 15.3773 11.3992 11.3656 10.7532 12.9315 10.6478 10.6239 16.7137 10.2955 10.2358 9.94386 10.6163 10.501 9.87994 11.704 9.86373 9.85474 9.64325 9.52182 10.4609 9.79689 10.3305 10.1696 10.786
threshold=0.069191489368677153 19.41936016082764 222689720.00000003 0.65048468112945568 471.50373840332037 59.011390686035163 0.97106364369392406 1.3218547105789187 -0.0036608042428269978 3.3936449289321904 0.82162845134735119 0.52540683746337902 0.024039259180426601 0.3905568420886994 0.073178399354219451 -0.0055494820699095717 -0.0077868264634162179 0.22798682004213336 15036712448.000002 1.3918879032135012 -0.58878102898597706 0.5821361541748048 0.062725607305765166 1.0147252082824709 13.296129226684572 8.6979122161865252 0.5005614459514619 0.038634620606899268 0.44421634078025823 -0.012142317835241554 0.74752354621887218 0.53427109122276317 90.982990264892592 0.89757177233695995 0.54412522912025463 0.59992322325706493 689.53619384765636 -0.081610891968011842 0.19725209474563601 0.21268717944622043 0.45241622626781469 0.91263151168823253 0.49770630896091467 0.090439520776271834 14.217949867248537 281858288.00000006 0.33009737730026251 0.90733814239501964 0.44166666269302374 0.12500000372529033 -0.24603824317455289 0.30819919705390936 0.01161373406648636 0.60488775372505199 0.49159416556358343 0.46430873870849615 5706219520.000001 1.0160742402076723 0.6692863702774049 -0.25698867440223688 0.080929767340421691 -0.055933745577931397
decision_type=2 2 2 2 2 2 2 2 2 2 2 2 2 2 2 2 2 2 2 2 2 2 2 2 2 2 2 2 2 2 2 2 2 2 2 2 2 2 2 2 2 2 2 2 2 2 2 2 2 2 2 2 2 2 2 2 2 2 2 2 2 2
left_child=1 2 7 8 5 12 16 24 15 34 26 36 18 28 22 53 33 -18 19 -2 21 -10 23 -6 -1 -15 -11 -17 29 -14 -22 -16 56 -4 -7 -36 38 -38 -5 -32 -9 -12 -43 51 -19 -46 -21 -13 -31 -50 -51 -39 -53 -3 -40 -45 58 -58 59 -33 -61 -62
right_child=4 3 6 11 14 9 -8 40 20 10 41 47 13 25 31 27 17 44 -20 46 30 -23 -24 -25 -26 -27 -28 -29 -30 48 39 32 -34 -35 35 -37 37 43 54 -41 -42 42 -44 55 45 -47 -48 -49 49 50 -52 52 -54 -55 -56 -57 57 -59 -60 60 61 -63
leaf_value=-0.024736088511675646 -0.024653093274399993 0.02998536081795725 0.010544996712049174 0.01985053583692396 0.012424433327265616 0.023584890176241963 -0.02338327648071591 0.027796452661880678 0.017645497355919474 0.023870546260185213 -0.029189740936455138 0.031646169850484011 0.023402027900666981 -0.025152399253748608 0.0036822034758162625 0.01735916457418241 -0.027047818987050033 0.028407091975394483 0.024276334525656786 0.01242097194841507 0.013770870018786291 -0.023501773435819058 0.016715845644943043 -0.036059737151059465 0.000145237751427296 0.0019458464986521103 -0.0020402757107760125 -0.022343908067285548 0.031362865911212012 -0.01489484085318536 0.0039141141249161562 0.028043196561389226 -0.00072281407227779856 -0.030621943385151368 0.020812950956497996 -0.03853356077018158 0.015442457734191135 0.0073229139327964429 -0.032458776218886369 -0.024463659429872518 -0.015058714709539314 -0.028356693175686298 0.0077647679983988901 -0.019592082346823983 0.019157229920293745 -0.029120729805655322 -0.03671882190640479 -0.0095528906174408759 -0.015853434727536187 -0.010195888848223927 0.025152791523345507 -0.00055357880937976925 -0.027949936988306907 -0.010888366151457857 0.016318435118838286 0.019008821414084408 -0.013448717814134857 0.023986335907617215 0.030721066595672922 0.010330035237747877 -0.00082239910319476439 0.022330040218772954
leaf_weight=1056.9627934964992 56.987941780065739 28.386744693663786 13.946004408411683 84.906113209479372 13.117660300798891 257.21751883979596 27.727821651340491 13.942658346575628 25.750661042773572 65.745882928575156 11.377654686191816 44.37389804936538 35.21598797198385 28.339626426132781 39.688564330033842 11.135251489318764 5.5729642548831171 67.888553785742261 8.3313435786403698 20.543712660219175 9.5852763354887411 13.303171066301728 33.380450562202896 13.790683920145964 21.712237821855524 37.100854154025001 23.509672012285591 18.431938300785987 20.771801516646519 30.361667785680766 14.138920099641835 137.71988399818656 23.088035102351569 10.440900790970771 6.2806933320825902 5.1438553672633134 54.490489859948866 19.999572380038444 8.380333362187228 97.386931564604311 7.9768566934581022 9.7903597891563532 50.289300676226048 6.6502734522091513 24.673856956302188 7.6267521591362302 3.6636544826251329 5.5865854710573322 12.675148313774114 9.8249334584106673 25.339950360401417 24.136383576205844 33.445427726212074 5.8227786472998551 5.2970037432933159 23.894390387740714 14.012649389362197 11.138993885833768 111.73136507213349 110.9724086919523 18.866631618700922 316.52876082504736
leaf_count=165706 5861 593 345 1588 289 2506 3537 420 1035 1161 473 720 730 2414 678 427 195 966 130 812 233 1387 425 390 1202 1774 911 808 222 2370 1008 841 181 660 101 224 875 701 430 10787 727 601 1656 263 330 504 216 177 647 681 783 1148 1916 235 187 446 383 155 414 1771 128 2029
internal_value=-9.58243e-06 -0.0128018 -0.0196361 0.00327225 0.0146709 0.00959554 0.00723374 -0.0234963 -0.00656457 0.0169071 0.00784244 0.0103598 -0.00127153 0.0036473 0.0189715 0.00895932 0.013908 0.0188902 -0.012192 -0.0162203 -0.0127819 0.00331751 0.0035366 -0.0127182 -0.0242328 -0.0099461 0.0170655 -0.00721452 0.0103232 0.0062032 -0.0179826 0.0201489 0.0210171 -0.00747382 0.0222696 -0.00661689 0.00709733 0.00216576 0.0150985 -0.0208365 0.0120933 -0.00371294 0.00146154 -0.00457779 0.0217172 0.00713569 0.00370328 0.0268834 -0.00170163 0.00674355 0.0151847 -0.0104717 -0.016723 0.0228314 -0.013539 0.0101548 0.0217175 0.0032988 0.0223733 0.0207215 0.0183982 0.0210202
internal_weight=3356.12 1793.57 1258.47 535.102 1562.55 718.512 157.877 1100.59 223.942 429.355 160.713 311.16 289.157 199.63 844.036 63.7767 130.149 105.762 89.5267 81.1953 160.165 39.0538 60.2888 26.9083 1078.68 65.4405 89.2556 29.5672 134.189 113.418 121.111 783.747 744.059 24.3869 268.642 11.4245 261.2 162.617 98.5835 111.526 21.9195 71.4573 60.0797 108.126 100.189 32.3006 24.2074 49.9605 78.2017 47.84 35.1649 77.5814 57.5818 34.2095 13.6773 30.5447 720.971 25.1516 695.819 584.088 446.368 335.395
internal_count=231513 199556 174592 24964 31957 24273 6537 168055 16513 7633 4802 8451 16640 9621 7684 2063 3000 1995 7019 6889 14450 2422 1104 679 166908 4188 2072 1235 5433 5211 12028 6580 5902 1005 2831 325 7554 5349 2205 11795 1147 2730 2257 4474 1800 834 1028 897 4481 2111 1464 3765 3064 828 617 709 5721 538 5183 4769 3928 2157
is_linear=0
shrinkage=0.03


Tree=14
num_leaves=63
num_cat=0
split_feature=26 182 167 51 47 30 102 68 168 160 27 125 173 142 168 173 85 90 156 112 59 92 97 62 32 166 148 164 168 157 32 145 27 164 97 10 134 178 120 24 27 114 26 46 72 112 13 49 8 164 167 158 86 32 39 27 107 92 156 4 92 164
split_gain=657.275 218.364 91.0522 52.8786 45.0569 43.6631 43.2054 27.63 22.7214 37.9474 51.6353 23.9263 22.1071 20.9107 22.0939 20.453 19.7996 18.5144 18.1953 17.7668 16.27 19.1723 16.7224 16.0004 15.1827 13.7886 13.5431 13.5388 18.3855 14.0435 13.5254 12.9969 15.8861 12.8135 14.5198 13.0395 12.5418 12.4177 11.8325 11.5877 11.5646 11.2698 12.399 11.2553 11.9785 11.1458 11.0473 10.767 10.6866 10.6749 25.9742 18.7567 15.6011 12.9617 16.0893 16.3839 12.7816 11.694 11.2572 10.5343 10.4553 9.80214
threshold=0.06637329608201982 14.568554878234865 222689720.00000003 0.88535404205322277 1.4407482743263247 0.0019671265035867695 0.52500000596046459 0.62790724635124218 181182464.00000003 471.50373840332037 0.14195422828197482 0.49572861194610601 9.4100360870361346 1.4609707593917849 111375824.00000001 1668.5371093750002 -0.22500000149011609 0.25633634626865393 -0.050735108554363244 0.32500000298023229 0.92033934593200695 0.43681782484054571 0.35208970308303839 0.65276098251342785 -0.009676521643996237 165440328.00000003 0.4892104864120484 0.43719975650310522 332850880.00000006 0.0058550084941089162 0.0003893974499078468 0.57246795296669017 0.090750396251678481 27.621895790100101 0.30403821170330053 1.0134096145629885 0.23487984389066699 0.0384785644710064 0.34179376065731054 0.079608313739299788 0.09995924681425096 0.084993150085210814 0.074101541191339507 1.1514398455619814 0.12036700546741487 0.25833334028720861 1.0855247974395754 0.87760168313980114 -0.93103268742561329 2.0055339336395268 313859360.00000006 44.633909225463874 0.35000000894069677 0.0085040172562003153 0.029294529929757122 0.11323358491063119 0.39166666567325598 0.8249616026878358 0.033158238977193839 0.06896493956446649 0.84053760766983043 0.86959317326545726
decision_type=2 2 2 2 2 2 2 2 2 2 2 2 2 2 2 2 2 2 2 2 2 2 2 2 2 2 2 2 2 2 2 2 2 2 2 2 2 2 2 2 2 2 2 2 2 2 2 2 2 2 2 2 2 2 2 2 2 2 2 2 2 2
left_child=1 2 24 18 5 -5 8 -4 9 10 13 27 -8 14 40 36 17 -14 -3 49 22 31 59 -15 -1 -23 -6 29 38 -10 60 41 -33 34 35 -20 -7 -36 -29 -39 -2 -22 46 -12 48 -32 -43 -27 -45 -18 52 -52 57 54 56 -56 58 -51 -54 -11 -9 -40
right_child=6 3 7 4 26 15 12 30 11 20 43 -13 16 23 -16 -17 19 -19 33 -21 21 25 -24 -25 -26 47 -28 28 -30 -31 45 32 -34 -35 37 -37 -38 39 61 -41 -42 42 -44 44 -46 -47 -48 -49 -50 50 51 -53 53 -55 55 -57 -58 -59 -60 -61 -62 -63
leaf_value=0.017887426545553024 -0.020764509197409967 0.025083117754250622 -0.016849222068484569 -0.022398879294513872 -0.010284202308625173 0.0095824025235535584 -0.023256029327464723 -0.028960418421012366 -0.0030911335718086757 0.0086237541078425291 -0.025071039670853012 -0.02527173092883029 0.017119132085697292 0.014230115153593327 0.024206701187082236 0.019271434603338966 0.030345588645367478 -0.019432539446149314 0.0084997854051527162 -0.0059237835125562771 -0.005489456291391432 0.015832229139967631 0.010005896732236959 -0.025873294163287718 -0.024244276769214639 0.021360956063208238 0.030213620525245462 0.032695914843830734 -0.023800710139993412 0.035102632021163316 0.020060006658114568 0.021770145088194567 -0.024774908742393568 -0.010520668099907085 0.017377962787656593 -0.020069636349657919 -0.024024704915835145 -0.029290039453961476 0.019496765658011842 0.028506726475671942 0.00034772250546401083 0.010911867071739504 0.022453699999951816 -0.036572606787362759 0.023026950110375501 -0.017452555239868522 -0.031915465692776347 -0.016471047040593299 0.0086923109415045149 -0.03388945012889101 0.01703604780394205 -0.048837430372071201 0.016891932773027845 0.030125309674975894 0.016723304416359483 -0.03156133913915582 0.022984532010195482 0.024017472166287294 -0.030771815049126239 -0.035166863511708377 0.02968562516500884 -0.033617087132579777
leaf_weight=7.0036360088852225 37.212636099742667 61.992129799182294 44.618882388440397 148.12048104341375 8.9458432341198186 15.980206955729953 9.7531765431631339 10.425920685414892 9.4096135229083284 6.482309926579549 5.2288183302443931 8.6128868631785718 29.389793991300394 9.439223555440547 23.048411082447274 41.84622546438186 138.80994278355502 20.135820520583366 34.568254203724791 19.28057820671529 15.32561761245597 31.86363992409315 39.31466977106902 73.115140599839833 987.00313325284242 7.3017975670518345 31.644197093672119 22.394354068906978 10.079998175788203 77.211660553264664 70.923468407005203 11.302018210524695 13.21803386765532 32.0188526851598 132.98573202833359 23.102780526543938 23.529004068652284 9.4485208924997988 5.8518310968138376 3.4986324459314337 59.258811123661872 32.32024854041083 291.45613771520402 4.3596164570190004 82.546331929603184 7.0615841476246706 5.4676399014424524 36.449010423631989 36.524130328696629 7.0797369726205925 6.4453780928888573 7.3792888823663816 9.0110107379441633 143.53223656777118 13.254156110623628 10.361112383080579 207.2101581731331 4.1842082235962152 7.031862475705565 15.245705927489324 2.6669055172242215 4.7457078150036978
leaf_count=120 4532 1047 3897 18404 261 784 129 1106 382 75 271 122 517 242 551 986 986 973 1236 185 160 561 381 8665 157362 74 230 177 282 484 1221 86 125 1394 3476 1399 2074 555 70 37 3525 842 2063 153 1124 105 87 1107 1242 262 48 248 164 729 314 264 2452 98 173 285 36 253
internal_value=-0.000142995 -0.0131602 -0.0207825 0.00201317 -0.00757749 -0.0127476 0.0135986 0.00223416 0.00961335 0.00772751 -0.00016767 0.0208602 0.0197074 -0.0096193 -0.00152988 0.00484628 0.0204208 0.00210832 0.0107223 0.0219904 0.0128866 0.0148768 -0.00156989 -0.0211366 -0.0239267 0.00105482 0.0211833 0.0241166 0.00995243 0.0309315 0.0116971 0.0176899 -0.00319097 0.00684131 0.00962441 -0.00304088 -0.0104567 0.0146366 0.0207501 -0.0125328 -0.00789476 0.0191894 0.0203604 0.0146138 0.016507 0.0164473 0.00397465 -0.00975379 0.00303593 0.0229757 0.0204393 -0.0188458 0.0218424 0.0228524 0.0185073 -0.00476108 0.0209922 -0.0119298 -0.00440358 -0.0221658 -0.015543 -0.00487736
internal_weight=3305.03 1697.38 1129.7 567.681 270.066 229.476 1607.64 135.697 974.786 836.48 330.733 138.306 632.858 202.074 119.52 81.3554 623.105 49.5256 297.615 573.58 505.747 444.704 61.0427 82.5544 994.007 75.6144 40.59 129.693 43.0719 86.6213 91.0779 369.09 24.5201 235.623 203.604 57.671 39.5092 145.933 32.9919 12.9472 96.4714 344.57 329.244 128.659 123.43 77.9851 37.7879 43.7508 40.8837 554.299 415.489 13.8247 401.664 390.401 246.868 23.6153 223.253 11.2639 16.0429 21.728 13.0928 10.5975
internal_count=231193 195730 163847 31883 22739 22248 35463 6365 27921 26151 20305 1770 7542 17515 8608 3844 7413 1490 9144 5923 5846 5105 741 8907 157482 1742 491 1648 782 866 2468 3363 211 8097 6703 2635 2858 4068 500 592 8057 3152 2992 2790 2519 1326 929 1181 1395 5738 4752 296 4456 4096 3367 578 2789 360 337 360 1142 323
is_linear=0
shrinkage=0.03


Tree=15
num_leaves=63
num_cat=0
split_feature=26 182 167 85 22 47 27 160 167 27 52 94 114 32 148 160 89 72 180 108 92 39 69 88 27 71 30 69 134 47 169 174 41 44 94 87 22 92 23 166 72 53 11 26 163 166 182 57 74 168 11 92 39 177 3 15 168 134 91 167 56 134
split_gain=673.78 190.676 116.192 44.7082 31.9872 29.0522 28.3086 28.2538 55.9923 45.6631 30.3932 18.5479 19.154 18.5365 16.0857 15.893 14.8082 13.9961 15.1591 13.7628 19.6546 14.1218 13.3961 13.3133 21.3402 16.5023 13.8197 13.5352 13.1943 12.8734 12.7537 12.6126 12.5993 17.6236 12.3954 12.2239 11.7314 11.6144 11.4993 13.0544 11.4479 10.8493 10.7611 10.6386 9.69378 9.54638 10.0018 9.46957 12.1063 9.41573 9.41373 9.23466 16.3456 9.16527 9.09428 9.06923 8.97011 8.87509 8.77652 8.61976 18.4738 8.71776
threshold=0.067738655954599394 18.899700164794925 222689720.00000003 0.22500000149011615 0.97449854016304027 1.5037736892700198 0.095122281461954131 471.50373840332037 122043144.00000001 0.12151149660348894 0.7041568160057069 0.44744011759758001 0.71249985694885265 -0.0024121737806126471 0.83210420608520519 44.653043746948249 0.11847079172730447 0.85116612911224376 0.077574960887432112 0.5000000149011613 0.76765319705009472 0.0088696950115263479 0.77104049921035778 0.25823399424552923 0.052927546203136451 0.55897060036659252 0.0044285489711910495 0.15000048279762271 0.1739800423383713 1.5293333530426028 2.0514485836029057 24.975453376770023 0.076496724039316191 1.0707478523254397 0.2655120342969895 0.5416666865348817 0.96287450194358837 0.77876466512680065 0.018268915824592117 -27103364.999999996 0.11728702485561372 1.023549020290375 0.97897282242774974 0.062165446579456336 -8.5380821228027326 16348609024.000002 13.549170017242433 1.28872686624527 0.45000000298023229 23583033.000000004 0.93836548924446117 0.56175175309181224 -0.00087152115884236981 0.041121518239378936 0.0075376764871180066 0.96042805910110485 5396938.7500000009 0.33840709924697882 0.055804753676056869 4730930.2500000009 1.2379509806632998 0.13482426106929782
decision_type=2 2 2 2 2 2 2 2 2 2 2 2 2 2 2 2 2 2 2 2 2 2 2 2 2 2 2 2 2 2 2 2 2 2 2 2 2 2 2 2 2 2 2 2 2 2 2 2 2 2 2 2 2 2 2 2 2 2 2 2 2 2
left_child=1 2 5 6 19 -1 36 8 9 10 15 17 32 -10 -15 -2 40 50 -19 20 21 -4 29 26 28 -26 27 -5 -25 -18 -30 34 33 54 -8 38 55 51 -35 -40 -11 -7 43 -21 -43 46 -12 48 -42 -17 -9 -14 -53 -28 -13 -3 -27 -24 -33 60 -52 -61
right_child=7 3 4 23 -6 41 31 11 13 16 45 12 37 14 -16 49 22 18 -20 42 -22 -23 57 24 25 56 53 -29 30 -31 -32 58 -34 35 -36 -37 -38 -39 39 -41 47 44 -44 -45 -46 -47 -48 -49 -50 -51 59 52 -54 -55 -56 -57 -58 -59 -60 61 -62 -63
leaf_value=-0.023779128499863703 0.023557308301521133 -0.027860487173126027 -0.024845408674856035 -0.018663682292662145 -0.026332428289771073 -0.024961196303625369 -0.015182827305935858 -0.005376337330846255 -0.019834605615011495 0.0039705145872517833 -0.023668978828638075 0.0013731330243286408 0.018558105313452491 0.021621918745796796 -0.013111197026321618 0.0079362768495142184 -0.013566864243199446 0.038185977226081413 0.013507084062318037 -0.019173819639508233 0.02088396477504309 0.012673537121767805 0.0028719770814581453 0.01961610257817013 -0.026157033779918498 -0.0174643725885264 -0.0062768202390676995 0.02312002262745123 -0.022502664414462768 0.011591329191964622 0.025299865501064969 0.0075835669239283261 0.020752695711825246 0.013840302511344249 0.032677651957320419 0.018000301058096652 -0.024864219407809533 0.036461572282376245 0.017330884102836439 -0.038659394328819777 0.022102186737694728 0.034156167628812434 0.02916201776395674 0.0314942102349869 -0.017946936002703688 0.029580231249337476 0.0018519946023282674 0.033260365808544454 -0.021647364365872893 -0.020494303614403474 0.017306159344742798 -0.031355561302725647 0.019285808950882055 0.02549882820065694 -0.028662563542324826 0.0073506278033284127 0.015497346763413284 0.038530427407336691 -0.026331449312548518 -0.0026743717235404949 -0.024054678134631479 0.021483027018929863
leaf_weight=1031.2357757525078 28.245254574285354 8.2273914822581009 24.899615456808533 6.6567735419266674 22.98432682456405 4.7430238965534981 5.5635156657554061 13.809950099894193 9.8998392158027837 32.336320306058042 93.956700245695174 13.835808705407542 92.430493992556876 298.47542430655085 11.76050899364054 21.471514471373666 43.984356682267389 75.010487675433978 34.558443019777769 9.2582438979588897 27.46204196618055 12.975985392011351 12.433295460268711 9.3527359696345211 9.4240106762008491 7.0778000824066103 35.576894300960703 106.07879717447213 46.01121844469526 29.825364358548541 4.7338327143806955 15.261703806183506 27.736047047190368 12.375388937180107 20.3457945333721 39.8773998645338 81.157459125350215 27.195457426059875 4.5010240568080961 12.018340389404326 20.027037336603829 12.959707041616642 44.019110230146907 4.8566548202579716 3.4011112037333051 2.7100220709544365 15.760586141805105 49.259212779346853 6.8498454700529683 18.637806086506316 38.860309304582188 9.2757324983831513 11.967144177120643 9.5122474615927768 23.925931118734297 21.888689964587684 107.72967723949114 12.509229682153089 10.901557156248598 13.467094460836959 11.862106156069784 400.3862208494902
leaf_count=164913 297 434 1385 658 3389 381 268 168 471 1220 12156 328 563 3231 348 937 2343 237 244 336 417 422 397 247 975 367 1240 1870 3278 867 102 392 239 207 390 373 10580 158 81 418 422 121 435 33 464 28 1075 404 341 1036 367 127 111 139 543 914 2719 66 714 168 96 3645
internal_value=-8.35678e-06 -0.01307 -0.0195818 0.00237508 0.00540556 -0.023064 -0.0104888 0.0141568 0.00968315 0.00199996 -0.0089829 0.0178083 0.0112881 0.0189507 0.0202577 0.00670203 0.0115929 0.02083 0.0306219 0.0115018 0.00193011 -0.0119191 0.00309875 0.0085378 0.00301385 0.0101036 0.0149109 0.020484 -0.0115181 -0.00334167 -0.0175826 0.00762756 0.00311423 -0.00160032 0.0221068 0.00739523 -0.0189859 0.0189811 -0.00725292 -0.0231141 0.0191995 0.0112411 0.0219943 -0.000611251 0.0227422 -0.0185206 -0.0199922 0.0254933 0.010468 -0.0053789 0.0185219 0.0144914 -0.00310749 0.000769452 -0.0178287 -0.00275849 0.0133061 0.021667 -0.00688664 0.0192487 0.00729732 0.0206851
internal_weight=3275.53 1704.3 1198.8 505.5 146.456 1052.34 163.346 1571.24 708.142 388.007 180.782 863.093 275.139 320.136 310.236 68.3546 207.225 587.955 109.569 123.472 65.3376 37.8756 98.7522 342.154 184.329 124.231 157.825 112.736 60.0978 73.8097 50.7451 52.0726 134.27 106.534 25.9093 68.7722 111.274 140.869 28.8948 16.5194 108.472 21.1038 58.134 14.1149 16.3608 112.427 109.717 76.1361 26.8769 40.1093 478.386 113.673 21.2429 45.0891 37.7617 30.1161 114.807 24.9425 26.1633 464.576 50.7224 413.853
internal_count=231295 197583 172296 25287 6417 165879 13692 33712 25639 21589 15529 8073 3148 4050 3579 2270 6060 4925 481 3028 2224 1807 3673 11595 7688 4061 3907 2528 3627 3210 3380 1764 2189 1950 658 1079 11928 959 706 499 2387 966 804 369 585 13259 13231 1167 763 1973 4444 801 238 1379 871 1348 3086 463 1106 4276 463 3813
is_linear=0
shrinkage=0.03


Tree=16
num_leaves=63
num_cat=0
split_feature=178 175 168 25 167 175 32 102 32 50 62 30 170 178 61 116 88 82 12 14 57 92 145 176 175 174 41 90 170 126 140 167 42 77 137 69 175 10 123 42 94 92 12 139 32 116 175 134 175 68 174 95 172 25 41 137 134 139 32 57 126 96
split_gain=458.375 132.991 117.575 75.883 50.8204 73.8364 46.4264 36.7808 32.3538 41.0703 21.8535 20.1431 17.3514 18.2919 16.2293 17.7924 16.2073 20.4661 16.0245 17.2005 15.6534 20.6156 15.5158 14.6131 17.3524 14.5869 15.56 15.8653 15.2083 14.6527 16.0756 13.8815 12.905 12.5621 12.3818 12.1015 13.7994 11.9609 11.9245 11.683 13.8609 11.4916 11.5459 11.4434 15.3519 11.3934 11.3256 18.7295 11.1278 10.9139 20.2993 16.4338 11.1312 10.8726 10.5909 10.5664 10.517 10.3305 11.7764 11.1729 12.9051 13.2935
threshold=0.026135580614209179 17.324316978454593 169181304.00000003 0.065547205507755293 250022240.00000003 17.728792190551761 -0.006292130332440137 0.44166666269302374 -0.006292130332440137 0.94781145453453075 0.72975441813468944 0.0043392456136643895 56.512590408325202 0.023649612441658977 0.79230591654777538 0.32116530835628515 -0.062600016593933092 0.12500000372529033 0.052653804421424873 0.95474517345428478 1.2140983343124392 -0.13530370593070981 0.47232161462306982 655.73831176757824 55.634246826171882 48.218988418579109 0.03586124628782273 0.77386930584907543 90.982990264892592 0.4905525296926499 0.86914625763893139 222689720.00000003 0.09900295734405519 0.62500000000000011 0.33355689048767095 0.67661628127098095 12.563437938690187 1.0319007039070132 0.82222017645835888 0.014933485537767412 -0.12024241313338278 0.80451133847236644 0.64305320382118236 1.2656200528144839 -0.0060678778681904069 0.60721439123153698 1.8890955448150637 0.18516816198825839 4.9092452526092538 0.59999784827232372 61.407646179199226 0.22826226800680163 93.98694229125978 0.097972702234983458 0.002840207540430129 0.41984948515892034 0.63917130231857311 0.69515061378479015 0.0096686840988695639 1.2986070513725283 -0.099499303847551332 -0.29066856205463404
decision_type=2 2 2 2 2 2 2 2 2 2 2 2 2 2 2 2 2 2 2 2 2 2 2 2 2 2 2 2 2 2 2 2 2 2 2 2 2 2 2 2 2 2 2 2 2 2 2 2 2 2 2 2 2 2 2 2 2 2 2 2 2 2
left_child=1 2 6 4 5 14 35 -4 22 11 -8 16 13 -9 38 -16 -10 -18 19 33 -11 37 -3 -19 45 26 27 46 29 30 54 -17 -13 -7 -23 36 -1 -22 -2 40 -6 -29 -43 -28 -45 -25 -5 -48 -49 -32 -51 53 -53 -52 -27 -44 57 -20 59 60 61 -59
right_child=3 8 7 25 39 18 10 12 9 20 -12 32 -14 -15 15 31 17 23 56 -21 21 34 -24 24 -26 28 43 41 -30 -31 49 -33 -34 -35 -36 -37 -38 -39 -40 -41 -42 42 55 44 -46 -47 47 48 -50 50 51 52 -54 -55 -56 -57 -58 58 -60 -61 -62 -63
leaf_value=-0.017299812619884992 0.018627668813612875 0.034623515941765597 -0.025823210900027593 0.019966923917182414 0.029221982218697234 0.021041022213587578 0.019776097007861732 -0.022532825420673409 0.020794469975011082 -0.02103417230761695 -0.023769079443063515 -0.016932263476287401 0.018616330663257019 0.024349429074102133 0.016213568595817709 -0.02098343947641701 -0.026354022029535896 0.027503780809139823 -0.016647782020451841 -0.027774512700419224 -0.04067534815295084 0.029588986628452555 0.0072614740500620573 -0.023248027681999534 0.018161365603092609 0.0074983521223101904 0.021395310774350293 -0.026384583498002774 -0.0089874473695417505 0.031434639114118833 0.022826186632413651 0.011630841448198972 0.01611981443649315 -0.01804872291725286 -0.0026705187304230378 0.021067487701739097 0.020520708706716132 0.010115985633257552 -0.034280690488682326 0.030733537187809086 -0.01381356283824684 0.015285021657945569 0.013067248648006608 0.028033965668110589 -0.013678663652695155 0.0079158842489046241 0.024656498459470322 -0.021552848042324376 0.00375114935428392 0.028627730234767387 -0.04089574634564281 0.0032238574837221796 0.033608710982151006 0.00021940402516828502 -0.029391055938511042 -0.041151290341434915 -0.024580902340276507 0.026990503682717437 0.034044815943572344 0.026743393979782541 0.011822256098994816 -0.016885752887916529
leaf_weight=28.428369396344351 20.127958055085404 31.893654497689568 25.809600670481814 76.367935107235098 11.476827417267488 19.704634790337881 9.7131699521924002 20.95039877784075 76.70958921933925 100.97832944192487 877.80445514026087 46.701951889694101 102.13483680885111 10.373713770186439 13.108310161725965 178.18641914127602 17.071699902822729 25.352944858517731 9.9665086141540069 20.311132302245824 14.141086867108244 15.931810269939886 45.529387793329079 25.575746262329631 30.962042204781028 30.890563645865768 167.70312650400592 17.893538964926847 15.982867468032053 87.508853209277731 280.97085057326694 11.830156800191615 12.733314819422956 10.526390283062936 28.341594598197844 21.796910837358155 11.317935696279163 5.1704316870309404 3.6989392159593981 62.345357924696145 13.638651543122249 22.19334094590522 4.6265710277948511 11.584141239582094 20.490658978134888 16.669579426787095 33.896820234404004 17.926766385753581 88.931736126084616 40.782695460307878 9.6974196955561656 42.119618136974168 13.871480114190488 12.278377819107844 7.9721290581510393 7.1321082410868257 6.2889801477067513 6.8757591746980316 21.678679304794059 34.918538743630052 174.71126227029345 28.624791774771438
leaf_count=2291 586 168 3746 1105 126 482 209 2325 1348 12090 141127 2308 2376 239 539 24632 1400 628 531 1796 446 157 482 2262 827 424 2696 1435 204 311 1999 258 284 472 789 434 241 77 236 829 617 647 95 67 873 544 643 1266 3737 238 146 350 69 86 118 354 570 92 110 192 4566 1199
internal_value=-0.000313736 -0.011756 -0.017521 0.0107357 0.00271024 -0.000618307 -0.0215213 0.00628334 0.00118761 -0.00213059 -0.0232674 0.00547384 0.0126606 -0.0066409 -0.0137902 -0.0165388 0.0101891 0.00300993 0.00834795 -0.00706793 -0.0137461 -0.00197896 0.018869 0.00833984 0.00138141 0.01587 0.0119294 0.0071584 0.0192437 0.0201225 0.0177922 -0.018887 -0.00965204 0.00719189 0.00926897 0.00358058 -0.00621731 -0.0271003 0.00924327 0.0238435 0.00610311 -0.00760916 0.00267188 0.0182703 0.00168769 -0.010983 0.0107171 0.00557196 -0.000626546 0.019579 0.0117445 0.00262461 0.0112618 -0.0187835 -0.0005412 -0.0202312 0.0111263 0.012034 0.0131747 0.011186 0.00847319 -0.00779896
internal_weight=3260.93 1602.09 1108.33 1658.84 648.019 560.558 949.061 159.269 493.763 416.34 887.518 251.777 133.459 31.3241 226.952 203.125 192.342 115.632 333.607 50.5422 164.563 63.5849 77.423 98.5603 73.2074 1010.82 468.747 268.969 542.075 526.092 438.583 190.017 59.4353 30.231 44.2734 61.5432 39.7463 19.3115 23.8269 87.4608 25.1155 51.8456 33.952 199.778 32.0748 42.2453 217.123 140.755 106.859 399.72 118.75 77.9669 55.9911 21.9758 38.8627 11.7587 283.065 276.776 266.809 245.13 210.212 35.5006
internal_count=231494 176798 152988 54696 37833 36261 144302 8686 23810 23160 141336 9601 4940 2564 26251 25429 7009 5661 10010 2750 13559 1469 650 4261 3633 16863 12918 9282 3945 3741 3430 24890 2592 954 946 2966 2532 523 822 1572 743 2531 1096 3636 940 2806 6751 5646 5003 2888 889 651 419 232 542 449 7260 6690 6159 6049 5857 1291
is_linear=0
shrinkage=0.03


Tree=17
num_leaves=63
num_cat=0
split_feature=26 175 167 50 57 162 27 176 168 69 94 89 164 168 102 139 167 3 135 168 92 48 127 163 124 136 127 141 94 59 25 146 76 135 95 122 86 72 82 1 77 58 163 133 159 52 12 176 171 89 72 170 135 8 182 82 162 52 53 86 143 88
split_gain=649.83 178.096 91.1673 36.1556 35.0904 31.7931 34.0775 43.9354 61.8335 27.9975 21.6338 21.0197 17.8084 16.4322 15.1889 15.1504 14.3686 13.2868 13.2039 13.0868 12.9723 21.6772 12.8522 12.1954 11.9022 11.7705 12.2935 14.3379 12.0877 11.3387 11.2095 11.1899 13.2419 10.804 10.7479 10.6587 11.2313 10.7605 10.6495 10.5377 10.4968 10.0902 9.17184 13.1944 9.11607 9.07481 9.00489 10.7239 10.4271 11.2294 11.6901 11.2901 9.40757 8.96626 8.92447 8.82512 10.6294 8.73336 10.8676 8.60938 8.59212 11.9608
threshold=0.06637329608201982 18.163414955139164 222689720.00000003 0.94835892319679271 1.25934773683548 63.904148101806648 0.13305434584617618 517.34353637695324 149737016.00000003 0.64268586039543163 0.85415795445442211 0.57359275221824657 0.46307465434074407 7486892.2500000009 0.44166666269302374 0.58550074696540844 2679555.6250000005 0.0016728902119211855 0.21166995912790301 8336994.2500000009 0.48467652499675756 0.93159359693527233 0.21992424875497821 17.204390525817875 0.4480519592761994 0.17319457232952121 -0.32158797979354853 1.3131141662597658 -0.19291950017213819 0.96692046523094188 0.069858431816101088 0.48647242784500128 0.35000000894069677 0.55124408006668102 0.6238515079021455 0.37555947899818426 0.78333333134651195 0.13607744127511981 0.82499998807907116 0.019647268578410152 0.90833333134651195 0.93826651573181163 0.17017835378646853 0.31407763063907629 737.12988281250011 0.69818881154060375 0.096435498446226134 1085.5930175781252 8.4681882858276385 0.16052842140197757 0.73988947272300731 53.150234222412116 0.54334014654159557 0.38462033867836004 17.892274856567386 0.4083333313465119 71.47235488891603 0.62134292721748363 1.0063157677650454 0.91666665673255932 0.88143903017044078 0.035578368231654174
decision_type=2 2 2 2 2 2 2 2 2 2 2 2 2 2 2 2 2 2 2 2 2 2 2 2 2 2 2 2 2 2 2 2 2 2 2 2 2 2 2 2 2 2 2 2 2 2 2 2 2 2 2 2 2 2 2 2 2 2 2 2 2 2
left_child=1 2 23 16 22 6 7 8 -2 45 19 17 42 -13 -11 -8 -3 44 39 24 35 59 -5 -1 -7 28 27 54 -17 33 -14 32 -19 -21 -33 -18 37 -37 60 -16 -32 -15 43 -10 -9 -4 47 -28 52 -50 -51 -52 -48 57 -27 56 -20 -35 -59 -22 61 -39
right_child=5 3 9 4 -6 10 15 11 12 14 -12 13 30 41 18 25 20 31 55 29 21 -23 -24 -25 -26 26 46 -29 -30 -31 40 34 -34 53 -36 36 -38 38 -40 -41 -42 -43 -44 -45 -46 -47 48 -49 49 50 51 -53 -54 -55 -56 -57 -58 58 -60 -61 -62 -63
leaf_value=-0.023245048151684804 -0.017230368015749557 -0.027480023001940759 0.019023920174837654 -0.023091375082392621 0.016098118722562626 0.014368233078827817 -0.018773678055858969 0.013058687247773622 0.019024086022538592 -0.027870781383703747 -0.0093857083769109985 0.02082356704994251 -0.033407547829181351 0.014022458371300848 0.017867990999590907 0.016445427240835132 -0.014335450016065048 0.013191059395674691 0.018740655349547605 0.021050202870826869 0.012392406969248437 -0.025836618010678526 0.017663951032303442 0.021723129532161194 -0.039995995521170079 0.022236707463031601 0.00075578609591305912 -0.018975739029550048 -0.04065780560828193 0.035252358510967523 -0.018184577430808889 0.021399248926056949 -0.020266978895515458 0.03094881960799965 -0.0088934127866797108 0.034682869547830168 0.022575176295283914 0.015110766518284465 -0.014513473221313425 -0.029286041892855705 0.02289301284323424 -0.028654491424426873 0.034314761378664314 -0.031283444993338683 -0.023805110497323704 -0.024575769465299158 -0.01993052595964958 0.023912546945565671 0.027804391457874958 0.020351846921696327 -0.022875766686321092 0.014523744695943587 0.024459514974867026 -0.029322564051897013 -0.011690245731627422 0.033218269956452676 -0.015775789645254952 0.013224774266413008 -0.03921599561703646 -0.027535114182639275 0.031510696134260045 -0.0002822758543269954
leaf_weight=975.22527678457936 137.45856434896314 10.104062864716978 4.1222079162835135 96.112404972278455 30.119132655338035 7.8279598621775204 9.9548685330228164 10.338939807028511 28.376699714688584 7.1134400242735856 21.741088892686093 11.752148736966772 7.9119767509182592 5.5500949039633296 6.4609126737050238 5.9048492690781131 14.596151507459579 39.517248102929443 37.590117826242931 446.51289484221434 41.965607862026445 25.644889477829565 6.7021055417280868 4.6536894700257099 5.1662473502219655 28.156721537981866 46.425284707045648 15.901669857346858 5.5313162647653353 49.675582953525009 8.4116684883847501 213.00961018972703 13.429004908306522 9.5346081634634228 10.421381395146453 11.935177393956108 60.780465181523141 81.741091465199133 19.015550960270048 9.0359749825074669 12.827136065810917 22.754807795581655 31.627347042842302 4.6153762818430542 11.927520963537971 31.444401310773173 9.6224291222024458 28.760759555618279 181.73748702694138 124.49723812588491 11.446097196865596 16.428311437077355 6.2042589628254055 5.5049145704833782 8.3473904848797229 28.545360839169007 9.2265106230624934 9.3518906090175715 4.4134288683580953 4.4924331557849646 12.68951240275055 99.843651135516666
leaf_count=160967 16133 815 92 12878 491 224 345 170 519 809 520 140 408 78 75 65 656 717 634 4132 1141 2493 251 161 333 470 921 356 172 409 264 2069 300 80 175 85 1001 1682 1612 343 98 875 203 234 261 3797 269 203 1352 2021 232 197 90 165 89 423 227 168 192 136 139 4889
internal_value=0.000297394 -0.013094 -0.0198399 0.00147395 -0.0119421 0.0136952 0.010638 0.005603 -0.00445778 0.00337216 0.0194985 0.0124732 0.0142183 -0.00772799 0.0116557 0.0163609 0.00615958 0.0152095 0.0150526 0.0206865 0.00715068 -0.00420231 -0.0202612 -0.0230065 -0.0083451 0.0171192 0.0178459 0.00397625 -0.0119808 0.0214253 -0.00505226 0.0170061 0.00443095 0.019903 0.0199396 0.00988868 0.011181 0.0080067 0.00634508 -0.00955347 0.00640311 -0.019991 0.0229017 0.0111849 -0.0067337 -0.0190584 0.0195353 0.00985087 0.0215735 0.0226983 0.016447 -0.000990139 -0.00193133 0.00190913 0.0142938 0.0202106 0.0116878 0.0103145 -0.00490281 0.00796941 0.00846595 0.00667534
internal_weight=3257.74 1629.16 1113.42 515.742 132.934 1628.58 1068.85 569.93 231.229 133.539 559.729 338.701 93.7702 40.0571 97.9723 498.919 382.809 298.644 90.8589 537.988 372.705 72.1029 102.815 979.879 12.9942 488.964 477.528 52.4058 11.4362 524.993 29.1508 276.377 52.9463 475.318 223.431 300.602 286.005 225.225 213.29 15.4969 21.2388 28.3049 64.6194 32.9921 22.2665 35.5666 425.122 75.186 349.936 334.109 152.372 27.8744 15.8267 28.8048 36.5041 75.362 46.8166 23.2999 13.7653 46.458 194.274 181.585
internal_count=231446 195797 167528 28269 13620 35649 29426 22644 17859 6400 6223 4785 1726 1093 2511 6782 14649 3692 1702 5703 13834 3770 13129 161128 557 6437 6200 915 237 5146 770 3261 1017 4737 2244 10064 9408 8407 8322 418 362 953 956 753 431 3889 5285 1124 4161 3802 2450 429 359 605 559 1284 861 440 360 1277 6710 6571
is_linear=0
shrinkage=0.03


Tree=18
num_leaves=63
num_cat=0
split_feature=26 182 167 71 101 47 27 112 25 142 60 167 182 41 138 85 30 89 133 69 82 183 27 72 15 126 169 38 93 12 62 118 3 27 96 131 92 142 176 120 41 167 46 24 43 176 89 134 182 87 150 137 169 142 81 166 180 141 96 47 171 66
split_gain=531.022 143.166 105.205 41.0211 34.3115 33.9817 31.3922 28.7863 19.6741 21.1093 15.9752 13.8279 22.1499 24.3111 20.1933 15.1923 13.6487 20.8047 13.5326 13.4731 13.4176 12.8593 12.8529 12.1954 12.1304 13.3848 14.5896 14.321 13.2415 17.3354 16.7274 13.7588 19.1023 18.3538 12.3941 12.0394 12.0269 12.4082 10.9826 12.3592 10.9728 10.9003 15.4769 11.8938 11.0533 16.8872 10.596 10.4889 13.8775 10.4057 10.7151 9.8927 9.73169 19.5603 10.7779 15.2477 9.44848 9.43076 9.24774 8.86029 10.9711 10.6328
threshold=0.067738655954599394 18.899700164794925 222689720.00000003 0.65487563610076915 0.51666668057441723 1.5037736892700198 0.10421640053391458 0.058333335444331176 0.069858431816101088 1.2739081382751467 1.0476334095001223 250022240.00000003 10.801855087280275 0.060137437656521804 1.4457217454910281 0.57500001788139354 0.0023462020326405768 0.21834355592727664 0.19246707856655124 0.64268586039543163 0.29166667163372045 -59.646144866943352 0.13581775873899463 0.44680877029895788 0.65970441699028026 0.43212485313415533 1.3229129910469057 -0.016888058744370934 0.64619451761245739 0.50553733110427868 0.59567618370056163 0.45454518496990209 0.023082654923200611 0.082690231502056136 0.58637100458145153 0.44073018431663519 0.1367924585938454 1.9574990272521975 11.855974674224855 0.3255207240581513 0.013965605292469265 24704096.000000004 1.1589679121971133 0.034824550151824958 1.0237367153167727 601.61773681640636 0.49749684333801275 0.34041635692119604 12.929325103759767 -0.19166667014360425 0.44201265275478369 0.35102839767932897 2.0514485836029057 1.9466870427131655 0.21666666865348819 2176688256.0000005 0.14726367592811587 1.1609244346618655 -0.25907710194587702 1.6087073683738711 68.293170928955092 0.95833331346511852
decision_type=2 2 2 2 2 2 2 2 2 2 2 2 2 2 2 2 2 2 2 2 2 2 2 2 2 2 2 2 2 2 2 2 2 2 2 2 2 2 2 2 2 2 2 2 2 2 2 2 2 2 2 2 2 2 2 2 2 2 2 2 2 2
left_child=1 2 5 6 -4 -1 16 8 10 -10 11 12 13 -2 15 41 -3 -18 -8 -6 47 -9 -15 -5 51 28 -27 -28 31 34 -31 -26 33 -33 -30 -29 49 59 -21 -40 -17 44 -43 -44 45 -14 -36 -11 -49 50 58 56 53 54 -25 -56 -23 -34 -22 60 -38 -62
right_child=7 3 4 23 19 -7 18 21 9 20 -12 -13 14 22 -16 40 17 -19 -20 38 36 24 -24 52 25 26 27 35 29 30 -32 32 57 -35 46 -37 37 -39 39 -41 -42 42 43 -45 -46 -47 -48 48 -50 -51 -52 -53 -54 -55 55 -57 -58 -59 -60 -61 61 -63
leaf_value=-0.022189392824975149 -0.018810084650230062 -0.022711036780315594 -0.013634284411995082 0.023943673489886175 -0.013950348712724129 0.015698054760364205 -0.012830574708024503 0.029251438504642461 0.020812646826736326 0.024425997212286481 -0.019318835926911665 0.023337128382466366 0.02321329958900821 -0.018247421819092498 -0.028967607104213505 0.0011711379971462207 0.019094699836662895 -0.02623793679667329 0.017878713335828873 0.029694088983360997 0.011683670482825018 0.024207321549420169 0.017068835256702216 0.012445382058783998 0.024870742438096741 0.027269013896107447 0.027836967197395777 0.016320338409820306 0.017611585132425282 0.019583234692594927 -0.034624515519093228 -0.027691018900236036 -0.028261783933250163 0.018813795955414724 -0.04635781374887097 -0.032518717068580782 -0.02570709085891534 0.010130414464792802 -0.01798537099808337 0.020437633438962315 -0.044954635662270724 0.025280154986003351 0.00070242780345518383 -0.040517013839284098 0.022860245236937391 -0.025907381320050521 0.0047234773213036332 -0.023690607066571941 0.016233045037836076 -0.022517419572864811 0.015230064913557519 -0.017442426749706263 0.030603757153204268 -0.023445443941601269 -0.011502178114034827 0.014895291956804779 -0.0059616249158140136 0.0067285475779356538 -0.028864984775941838 0.010628903346804334 0.016388594991765953 -0.026807783860771536
leaf_weight=994.28315289229613 67.42814928689495 100.23524031878787 49.760877310061915 39.514596159540815 10.349543304278994 21.011036178519134 17.444515553419478 69.890581966843456 179.08232647627301 65.182914027362131 24.813959244958824 32.979670494794846 12.344423679576723 11.222587167634627 10.857886436715487 15.855898693454948 19.643700491113123 15.302825788057815 42.363022624009318 50.427423696412006 9.1323189954855497 19.063398133148439 37.7722608668264 134.27987045118789 108.74436415048513 150.58607970571029 11.946302649274005 6.6503715011058402 53.453561042886577 6.4677362001966712 16.144864687710651 7.2792496726178788 13.965888736071067 110.6693639402074 4.5058530656679059 10.427850840933386 35.619965738036626 39.735740925738355 10.842427984636744 19.729052783484804 5.4671126870671278 15.013629366432722 21.469218210118928 7.8186230050050645 104.99470157352516 10.930635997559873 10.147960640984818 10.391692302771842 24.050715467485134 7.3851604354276779 119.91842467341485 15.904929134441771 12.844512829906305 19.430830522480392 50.210082692938158 30.975528509676224 16.650105875498411 12.124720261766923 9.1752236431766487 13.317325141339095 13.864162845358807 6.8219426793693847
leaf_count=164862 7019 13218 4570 835 825 953 684 333 3150 745 1312 291 195 1195 326 433 541 1492 945 454 153 99 394 3063 1162 828 99 98 929 82 590 474 307 1709 125 149 2146 1558 268 349 197 289 696 337 1276 236 240 619 229 215 1784 170 152 1222 2521 679 189 198 251 147 438 310
internal_value=-0.00037528 -0.0122937 -0.0180161 0.00143099 0.00620181 -0.0213877 -0.00915409 0.0121639 0.00871306 0.0124228 0.00346209 0.00511659 0.00316969 -0.00722493 0.00910108 0.011386 -0.0171295 -0.000850353 0.00880847 0.0170704 0.00813054 0.0170238 0.00871623 0.00863338 0.0154834 0.0168507 0.0235325 0.00378435 0.0132901 0.0033694 -0.01882 0.0168113 0.0105765 0.0157098 0.0109457 -0.0134838 0.00443343 -0.00305033 0.0211924 0.00657753 -0.0120049 0.014346 0.00139743 -0.0111768 0.0187495 0 -0.0127497 0.0174246 0.00377438 0.0100569 0.0119681 0.00151268 0.00609289 0.00461583 0.00725689 -0.0013353 0.0102812 -0.0122423 -0.00892527 -0.0106523 -0.0158357 0.00142551
internal_weight=3195.92 1638.65 1156.4 482.245 141.109 1015.29 194.989 1557.27 912.647 533.678 378.969 354.155 321.175 116.423 204.752 193.894 135.182 34.9465 59.8075 91.3484 354.596 644.623 48.9948 287.255 574.733 523.114 179.611 29.0245 343.504 90.72 22.6126 252.784 144.039 117.949 68.1074 17.0782 254.97 109.359 80.9989 30.5715 21.323 172.571 44.3015 29.2878 128.27 23.2751 14.6538 99.6253 34.4424 145.611 138.226 51.6184 247.741 234.896 215.465 81.1856 35.7135 26.0906 18.3075 69.6234 56.3061 20.6861
internal_count=231355 197633 172281 25352 6466 165815 16880 33722 25941 11745 14196 12884 12593 8608 3985 3659 15251 2033 1629 1896 8595 7781 1589 8472 7448 6990 1174 346 5816 1966 672 3850 2688 2183 1294 247 7002 4599 1071 617 630 3029 1322 1033 1707 431 365 1593 848 2403 2188 458 7637 7485 6263 3200 288 505 404 3041 2894 748
is_linear=0
shrinkage=0.03


Tree=19
num_leaves=63
num_cat=0
split_feature=26 182 167 51 47 30 160 168 27 49 69 135 27 174 89 115 122 88 32 170 72 112 109 27 166 153 116 86 139 151 61 87 137 112 92 24 12 89 27 166 168 96 43 16 112 86 93 85 85 158 41 82 141 30 72 43 166 167 88 166 85 39
split_gain=568.357 134.669 78.3171 37.657 41.7208 31.7888 31.2469 73.4856 33.9867 30.1804 25.4623 18.4235 17.0447 16.1833 14.1821 13.9757 14.1471 13.4068 12.6697 12.6659 16.124 12.6771 14.9601 13.6231 13.2647 13.8634 12.2966 13.4968 11.8627 11.7606 12.8437 11.2007 11.1096 13.095 10.8932 10.4534 9.92753 9.55899 9.4505 9.32676 9.26845 9.37315 9.37077 9.2497 9.82302 8.97847 8.74563 13.3251 11.4491 8.50511 8.4615 8.4237 8.41566 10.23 8.82511 8.27919 8.01439 9.87493 9.39276 10.6847 17.4065 9.56833
threshold=0.06637329608201982 14.568554878234865 222689720.00000003 0.90060830116271984 1.4532793164253237 0.00240261247381568 471.50373840332037 158958952.00000003 0.15447457134723666 0.79968968033790599 0.67192396521568309 0.28096988797187811 0.18774382025003436 13.834135532379152 0.36006608605384832 0.23630148917436603 0.47252589464187628 0.30129143595695501 0.0085040172562003153 89.894565582275405 0.94195467233657848 0.19166667014360431 0.55000001192092907 0.078566983342170729 2998095360.0000005 -0.32135130465030665 0.70237180590629589 -0.21666666865348813 0.89879056811332714 0.52540683746337902 0.81658619642257702 0.90833333134651195 0.35544160008430487 -0.025000001303851601 0.27122424542903906 0.02830414287745953 0.092859823256731047 0.048284497112035758 0.051750432699918754 122246928.00000001 196818200.00000003 0.21879201382398608 1.0111111998558047 0.89537668228149425 -0.14166667312383649 -0.3833333402872085 -0.020627707242965695 0.22500000149011615 0.67499998211860668 21.508787155151371 0.061937252059578903 0.65833333134651195 1.3948457241058352 0.0029349493561312561 0.76231718063354503 1.0212089419364931 4570775552.000001 80336196.000000015 -0.81782051920890797 429499952.00000006 0.57500001788139354 0.032245457172393806
decision_type=2 2 2 2 2 2 2 2 2 2 2 2 2 2 2 2 2 2 2 2 2 2 2 2 2 2 2 2 2 2 2 2 2 2 2 2 2 2 2 2 2 2 2 2 2 2 2 2 2 2 2 2 2 2 2 2 2 2 2 2 2 2
left_child=1 2 12 29 5 -5 7 8 9 51 -4 32 -1 40 35 -10 -17 45 19 21 -21 22 23 24 25 -8 27 -12 -15 30 -3 50 -11 -34 -20 -6 -23 -36 46 43 -9 49 -43 -40 -45 -7 48 -48 -32 -42 -13 -2 53 -31 -55 -52 57 58 -25 60 -60 -61
right_child=6 3 10 4 14 17 18 13 15 11 26 31 -14 28 -16 16 -18 -19 34 20 -22 36 -24 56 -26 -27 -28 -29 -30 52 38 -33 33 -35 37 -37 -38 -39 39 -41 41 42 -44 44 -46 -47 47 -49 -50 -51 55 -53 -54 54 -56 -57 -58 -59 59 61 -62 -63
leaf_value=-0.022323852752368593 0.016426667526559992 0.020976636770936939 -0.018233864158399546 -0.023416381183702092 0.020160063226166598 0.03572901930174964 -0.025234527412561797 0.02915796287528543 -0.022244657315443984 -0.0082868713599345886 -0.028403867692289076 -0.021181830472716288 0.020140862335498902 0.010282303340132788 0.034804335604081311 -0.003959682192528873 0.021480148523295831 -0.024600396885228366 0.033691017742949907 0.015575280404788129 -0.034030046685771413 -0.041036301662096451 0.031747990360506781 0.029091504987665429 -0.041154026438058315 0.012078318770299879 -0.02096014335418029 0.018057749875829015 -0.042464101678344329 0.022854530194392774 -0.023017503953180883 0.0093817363472288341 -0.0046907260539806352 0.03075827448826518 0.030219470593184802 -0.029097776120563842 0.0075978347178574761 0.01050941559088588 -0.031331797045076437 0.0088305274186462925 0.015317219474562105 -0.0026736660999524763 0.020744932356886514 -0.026196001618605892 0.013858001199262395 0.0032815485400022287 0.013393809797272407 -0.023212700723762372 0.024596789814902809 -0.033787968746805071 0.012965748640392653 -0.022160042814789442 0.029522619613285686 0.010154909325382943 -0.029462076706326577 -0.021141029737754526 -0.0028055123368031479 0.028365502426388852 0.011014911140799449 0.020791529972772151 -0.025485502501969452 0.0027303406149418686
leaf_weight=927.97492859929207 57.324998454379966 30.8930237727036 35.458335466671997 131.38356805601325 6.9335334365023282 11.35956369305495 9.8262748949346115 87.182304923939228 8.3551729462342319 43.986533193667128 5.1241703942396262 127.79840660934042 7.7831095637520766 8.6678441772237402 20.554285974867526 24.502240991481813 89.990500317484475 8.7589114967267943 63.868855886175879 11.726738478915651 10.006119842728365 5.3141627367585889 49.388474221574143 40.50272804137785 4.9614061945176209 50.993009250873001 8.6437406943587103 78.779702751940931 5.4178927514003581 18.447350838338025 5.9064398680238837 13.837662263127639 17.31559554571686 18.58193443610071 34.147144014015794 6.5713454053038731 8.5932295658276399 67.117571896873415 10.182856458886816 116.11701782655473 5.4908841419965011 16.421365918831725 169.47136666774531 6.9322692640780579 17.003108851320579 21.488552748000075 10.71461315207125 38.792815695607715 12.374382810434325 5.2564933280227706 13.915848653234208 4.6538240559166288 28.373368699976709 10.259793415491005 8.2212068366643489 10.207675725338047 19.028217489481904 59.471229067232343 197.54801951533591 198.12410358491252 11.520451929420231 31.263222712677816
leaf_count=157296 1042 542 4079 18210 87 118 360 687 350 2794 546 13716 197 184 142 947 1126 1066 167 130 136 147 224 206 271 1046 317 1410 221 353 340 352 1451 460 142 163 116 448 588 4097 109 149 1492 493 660 901 508 2523 167 199 591 518 401 257 308 650 646 501 1934 1598 220 298
internal_value=-8.86019e-05 -0.0128216 -0.0189381 -0.000321244 -0.0102322 -0.0162171 0.0125095 0.00789608 -3.18254e-05 -0.00536623 0.00302917 -0.0100912 -0.0219463 0.0193235 0.0196757 0.0132373 0.0160227 0.00646183 0.01634 0.0145435 -0.00762404 0.0152596 0.0158511 0.0145377 0.0015492 0.00569065 0.0113157 0.0148838 -0.011277 0.00621168 0.00319199 -0.0157684 0.00170114 0.013914 0.0238934 -0.00395514 -0.0122907 0.0174156 0.000574011 0.00477745 0.020887 0.0170758 0.0186569 -0.0087899 0.00155175 0.0153153 -0.00863225 -0.0151224 0.00866135 -0.00927628 -0.0181251 0.0131758 0.0174551 0.00757023 -0.00792227 -0.00161389 0.0160595 0.0167357 0.0152294 0.0138787 0.00887758 0.0183655
internal_weight=3186.81 1585.03 1063.76 521.268 207.05 172.991 1601.78 728.379 430.47 307.622 128.006 245.644 935.758 297.908 34.0592 122.848 114.493 41.607 873.401 708.267 21.7329 686.535 672.627 623.239 65.7807 60.8193 92.5476 83.9039 14.0857 314.218 248.917 165.76 79.8841 35.8975 165.134 13.5049 13.9074 101.265 218.024 150.235 283.822 196.64 185.893 34.1182 23.9354 32.8481 67.7883 49.5074 18.2808 10.7474 151.922 61.9788 65.3017 36.9284 18.481 24.1235 557.458 538.43 478.959 438.456 209.068 229.387
internal_count=231397 195769 163845 31924 20687 20295 35628 27038 23997 21574 6352 20014 157493 3041 392 2423 2073 2085 8590 7833 266 7567 7304 7080 1677 1406 2273 1956 405 11237 9918 15309 4705 1911 757 250 263 590 9376 5838 2636 1949 1641 1741 1153 1019 3538 3031 507 308 14957 1560 1319 918 565 1241 5403 4757 4256 4050 2154 1896
is_linear=0
shrinkage=0.03


Tree=20
num_leaves=63
num_cat=0
split_feature=26 182 167 26 115 182 112 167 57 160 159 52 57 86 142 92 169 89 135 12 92 91 169 139 163 81 169 90 92 62 116 154 42 6 133 142 11 50 184 111 42 56 92 183 105 142 54 136 136 39 23 139 132 86 94 118 90 13 50 96 23 160
split_gain=469.919 106.343 67.7066 46.5065 38.4892 33.1053 32.8876 26.0281 28.4562 20.6097 29.6383 24.7736 16.0367 14.9631 13.793 13.6197 13.5881 13.5606 16.9937 13.3495 12.7608 12.5303 12.9722 12.4082 12.1447 12.0295 11.9193 18.8334 11.8169 11.6306 11.6074 11.5758 11.5578 11.5468 10.804 10.6107 10.6055 10.3217 10.2549 10.1711 14.8274 10.261 20.4197 10.1265 12.0097 9.98027 9.95914 9.8955 9.487 9.43951 9.41843 9.30828 8.97216 8.90252 8.90013 11.0659 12.5149 10.4156 11.2807 22.1071 8.83817 8.73226
threshold=0.057075157761573798 19.997075080871586 222689720.00000003 0.075972497463226332 0.45339927077293402 19.41936016082764 0.058333335444331176 128042340.00000001 1.3376716375350954 471.50373840332037 165.93042755126956 0.92178770899772655 1.3094314336776736 0.91666665673255932 1.702110826969147 0.81795328855514537 1.1803048849105837 0.16052842140197757 0.56772711873054515 0.080929767340421691 0.54529613256454479 -0.58257937431335438 0.83026200532913219 0.9489707648754121 13.296129226684572 0.75000000000000011 0.89639049768447887 0.67532506585121166 0.83250918984413158 0.75560721755027782 0.59529668092727672 -0.11114554479718207 0.011917287949472668 0.28301997482776647 0.32071341574192053 1.062454402446747 0.94726368784904491 0.82946854829788219 3.6638330221176152 -0.18333333730697629 0.00093624318833462905 1.1849300861358645 0.77876466512680065 -0.023741750046610829 0.47499999403953558 1.3810375332832339 1.0650479197502138 0.63068339228630077 0.71431133151054393 -0.082401178777217851 0.037374796345829971 2.0868287086486821 0.94955590367317211 -0.78333333134651173 0.44744011759758001 0.10019493103027345 -0.14605961740016934 1.0494195222854616 0.94209906458854686 0.23674704879522326 0.032172413542866714 649.35571289062511
decision_type=2 2 2 2 2 2 2 2 2 2 2 2 2 2 2 2 2 2 2 2 2 2 2 2 2 2 2 2 2 2 2 2 2 2 2 2 2 2 2 2 2 2 2 2 2 2 2 2 2 2 2 2 2 2 2 2 2 2 2 2 2 2
left_child=1 2 12 5 -3 7 -4 8 13 10 11 17 24 -2 19 20 26 -5 31 48 52 -6 36 -12 -1 51 27 46 -20 -28 -8 34 -31 -18 -19 -25 -23 50 -33 53 47 42 -42 -22 -45 -13 -7 -41 -11 -40 -30 61 -9 -16 57 -56 -57 -21 59 -59 -34 -24
right_child=3 4 6 9 21 16 30 15 -10 14 23 45 -14 -15 39 -17 33 18 28 54 43 22 25 35 -26 -27 29 -29 37 32 -32 38 60 -35 -36 -37 -38 -39 49 40 41 -43 -44 44 -46 -47 -48 -49 -50 -51 -52 -53 -54 -55 55 56 -58 58 -60 -61 -62 -63
leaf_value=-0.021606453256955111 -0.021178623178108157 -0.022735052572440156 -0.022144819449894663 0.022935147921747893 0.03220019722962851 0.023474556189336204 -0.0048003898216705159 0.025680815734964235 0.018332769508164579 0.012135440402016608 0.0034343902092948794 0.0022909652551989725 0.0085073737000257634 0.017866966649787108 -0.001498387587759958 0.024774308584870647 0.025347849457218834 -0.019219711794126858 -0.019023957952002866 0.027194349919575086 -0.036904922994466197 0.029523458904651426 0.015312918862764128 0.010819885746789763 0.0055291925041846563 -0.020106894164903681 0.015082437356315148 -0.03947880202121417 -0.044361048960306695 -0.028625370019471057 0.020122222700737082 0.019588800609063324 -0.012173168895085832 -0.0063086107458862548 0.019941647025492129 -0.022572254391627702 -0.016804097921211486 0.021043254836450503 0.02581785342100585 -0.042351958507303875 -0.021076925598504596 0.037852504811111097 0.016570254595489879 0.01392431394843641 -0.040957854223024941 -0.024550871238109031 -0.0093524809124938373 0.0007149971764289333 -0.019053376997729143 -0.021579731456691148 0.019084597663002186 0.031871577133312672 -0.011720769952093354 0.024786519674730265 -0.010113841996353392 -0.0072303451587493245 0.020709050963623448 -0.02339643900929899 0.023649324364469822 0.019159591473366176 0.022914535684598912 0.0024392203455462285
leaf_weight=888.06149043334153 122.23560955132052 52.834191391294553 31.098558911220607 132.78864400465682 13.257700556991038 50.305014299414324 22.287071652477607 17.212421630858447 21.197322405178056 136.99995298948124 79.413788149760876 39.877715357986744 16.056674645769817 8.688945509871699 15.810889030224642 26.993162924802164 64.97524547217472 15.452093168032663 24.648851987371017 223.83932711021043 10.412466942909306 4.0479910565773016 64.869877515622647 10.105507108266464 14.546302026035844 14.162329233375202 18.282682104891137 4.5845281888032323 4.1718758612114497 20.751475474695326 61.685122836672235 165.49765201757873 16.098660750598359 11.716053451898913 9.3026270875707251 39.064741271739877 38.667386843199893 18.519920301914681 4.6889715349534518 9.3603031458333152 19.544764449376089 7.750349784269928 34.107203924126225 12.911824355616774 3.8353358564199871 16.93622711840635 9.2197494267020357 8.6380795933073369 8.4234481337480229 10.274051815860728 2.7235403548693284 12.367469218734184 7.6193128525264902 39.450291715329513 14.416203984066668 15.991551612270994 106.18474837583199 16.084201991092414 63.306150208460167 29.745169045869261 9.3742031453875807 173.94162374448206
leaf_count=152102 17641 7207 4005 2017 59 1077 1054 448 654 1595 3159 2253 830 330 172 399 1070 583 1509 912 444 71 1784 233 917 1496 325 261 272 1066 821 2325 603 389 146 3219 2499 298 75 172 474 14 349 287 273 1993 346 176 305 577 93 244 454 278 107 130 636 135 342 139 159 7254
internal_value=-4.41577e-05 -0.0129581 -0.0179144 0.0102887 0.000738889 0.00178312 0.00372842 -0.00598528 -0.0132176 0.0130884 0.00877078 0.0124327 -0.0206297 -0.0184488 0.0163712 0.00789762 0.0105289 0.0151393 0.0109988 0.0182804 -0.00111006 0.00466661 0.0033716 -0.00387408 -0.0211602 0.00585548 0.00447531 0.0135512 -0.00455403 -0.00456805 0.0134936 0.0148113 -0.0125585 0.0204542 -0.00418382 -0.0155708 -0.0117702 0.00955487 0.0174422 0.0075591 0.000597626 0.00769102 0.00266623 -0.0151106 -7.50752e-05 -0.00594494 0.0182699 -0.022575 0.0101906 -0.0058519 -0.0196782 0.00740515 0.014079 0.0173198 0.0207525 0.0140627 0.0169987 0.0234374 0.0155277 0.00397946 0.00100386 0.00599797
internal_weight=3167.42 1407.88 1033.74 1759.53 374.149 436.414 115.071 231.106 152.122 1323.12 573.466 444.882 918.664 130.925 749.653 78.9845 205.308 388.068 255.28 614.991 51.9914 321.314 308.057 128.584 902.608 265.341 128.616 64.1093 50.0642 64.507 83.9722 205.215 46.2243 76.6913 24.7547 49.1702 42.7154 25.4153 180.461 134.662 79.4007 61.4023 53.652 27.1596 16.7472 56.8139 59.5248 17.9984 145.423 14.963 6.89542 251.179 24.8317 55.2612 469.567 136.593 122.176 332.975 109.136 45.8294 25.4729 238.812
internal_count=231257 180343 159729 50914 20614 26226 5880 20930 18625 24688 18752 12141 153849 17971 5936 2305 5296 7895 5878 4301 1906 13407 13348 6611 153019 10778 3837 1684 2172 2153 1875 3706 1828 1459 729 3452 2570 663 2977 1635 1185 837 823 1004 560 4246 1423 348 1900 652 365 9282 902 450 2401 873 766 1528 616 274 762 9038
is_linear=0
shrinkage=0.03


Tree=21
num_leaves=63
num_cat=0
split_feature=26 182 167 57 52 50 69 164 47 26 62 139 160 176 14 95 143 24 112 134 77 144 88 81 142 142 177 12 148 47 89 134 152 40 94 169 136 12 175 25 168 92 90 25 167 90 97 116 176 159 52 116 142 175 53 111 121 24 102 55 13 40
split_gain=486.999 113.273 85.1845 36.6676 36.3331 27.5799 25.9676 23.7671 20.1678 17.4381 17.0674 16.909 13.6095 16.8693 23.1685 12.7405 12.4373 12.0697 11.9615 12.7108 11.4436 12.8017 12.9045 12.4148 12.9704 17.8866 11.5024 11.443 11.6122 11.4353 11.039 10.4189 9.53874 17.3623 12.3107 10.9865 11.8721 9.70954 13.4593 9.502 16.7994 14.1454 9.41724 15.5927 17.8329 8.87453 8.76253 8.70829 8.57345 13.5258 10.9019 8.55905 9.50121 15.9373 8.49293 8.43474 11.8006 10.4392 11.4308 12.4932 8.35283 11.347
threshold=0.067738655954599394 20.539305686950687 222689720.00000003 1.3549585938453677 0.69818881154060375 0.94615381956100475 0.64268586039543163 -23.393072128295895 1.4407482743263247 0.10859178006649019 1.0044651627540591 0.96646347641944896 690.41726684570324 1085.5930175781252 1.084967374801636 -0.31443937122821802 0.42222672700881964 0.019572352990508083 0.025000001303851608 0.17905201017856601 0.67500001192092907 0.61568447947502147 0.26559227705001837 0.65000000596046459 2.0360858440399174 1.7365400195121767 0.041835661977529533 0.054258504882454879 0.82457497715950023 1.4532793164253237 0.11207876354455949 0.27121786773204809 0.49064740538597112 0.050752723589539535 0.85415795445442211 1.0154808759689333 0.21906369179487231 0.18576584011316302 1.435935437679291 0.087764658033847823 281858288.00000006 0.42479041218757635 -0.42905674874782557 0.11635116115212442 53177684.000000007 0.67959871888160717 0.54632768034935009 0.74507123231887828 616.05279541015636 513.80438232421886 0.90654116868972789 0.29283727705478674 1.2805320024490359 20.035199165344242 0.99313619732856762 0.31666667759418493 0.28454755246639257 0.059395842254161842 0.52500000596046459 0.95328921079635631 0.8898616135120393 0.014888291712850334
decision_type=2 2 2 2 2 2 2 2 2 2 2 2 2 2 2 2 2 2 2 2 2 2 2 2 2 2 2 2 2 2 2 2 2 2 2 2 2 2 2 2 2 2 2 2 2 2 2 2 2 2 2 2 2 2 2 2 2 2 2 2 2 2
left_child=1 2 3 -1 32 20 -4 12 -7 10 27 29 51 14 15 -14 -16 -11 -8 -20 23 22 54 24 25 26 48 -9 55 -12 -31 -5 34 47 35 36 -2 46 -39 -37 41 -41 43 44 -15 -19 -38 -34 49 -3 -50 52 -6 -54 -22 56 -29 58 -58 -60 61 -43
right_child=4 5 6 31 7 8 18 9 -10 17 11 -13 13 42 16 -17 -18 45 19 -21 21 -23 -24 -25 -26 -27 -28 28 -30 30 -32 -33 33 -35 -36 39 37 38 -40 40 -42 60 -44 -45 -46 -47 -48 -49 50 -51 -52 -53 53 -55 -56 -57 57 -59 59 -61 -62 -63
leaf_value=-0.020804558638785164 -0.029204881352245894 -0.014859247165155041 -0.018000777048235807 -0.023139619212995854 0.02430610213154745 -0.019481934634445194 -0.012092788098410941 -0.020350568338496734 0.015462156451825623 -0.024335878809278459 -0.010492706111931415 -0.020901898073352604 0.0047908469380408339 -0.041270950179930141 0.025289042635286439 -0.041486129071144712 -0.0060020777218444754 0.018503486086373852 -0.010545389093512009 0.020865758674726263 -0.032422564896282279 0.01259097363530263 -0.019298528503139276 -0.0074132878432648383 -0.024941061662290622 0.030377305361419488 0.031471525993232531 -0.026764999464816294 -0.018616385957864478 0.023537250459029522 -0.012634979510736133 0.027481816441258793 0.019726342480984909 -0.010906557006981043 -0.016178045496040749 0.023107795211510105 0.021329246174985789 0.015228504033162464 -0.014439066523620234 -0.017424999772884885 -0.021701762646873395 -0.02451278975167593 0.021530601184735675 0.028090697791276365 0.016853753976099846 -0.010097104581801249 -0.010124415668332738 0.03345253727561958 -0.009326828680970678 0.029425547695104585 0.015621243541309737 0.027350847999865324 0.019463234909194691 -0.023378799446076338 0.0067389621486580254 0.026225893498371362 0.0067750452293519683 0.018888311866742547 0.027498452367643117 -0.025312861707041927 0.022689309692049034 0.013436590668401241
leaf_weight=984.12801935566495 6.6592474374338044 7.7216051250361515 32.378626090503531 3.6668321070901611 26.672700158786029 78.133936020325564 14.674475532006907 14.557863434140016 17.414135900384281 6.2012903871072913 36.370346115292705 54.742979807138909 7.4183008825639289 9.8017061969731056 21.395622126292437 15.800064669689162 22.486313457600772 103.59421483028564 12.810213259304872 78.401971088496794 4.5568309921436585 39.553193566276605 43.718017950122885 31.114946087887802 6.8354232649326141 46.057094505988061 15.557496867899316 8.5144440217554784 15.131049449260898 25.116181954159401 9.846390324584716 17.84939153472078 189.25467798680256 13.61317172917188 11.035792295264399 153.29851022759976 56.200503783657041 25.484284103280515 27.646708792304707 10.328850786667315 11.073180438717825 7.5086736620869479 73.261801655928139 10.739764186087994 7.6270277239382258 10.001772968516887 8.5162047327539749 58.195749262813479 48.391168138807188 21.799281261075521 22.132317566429265 81.005319484633219 16.060597592731941 13.418849859735927 46.81146758137038 19.390842610271648 153.24252977887045 53.043471346463775 4.0968087025430604 19.450780315721204 96.22268913044536 41.777398127938795
leaf_count=167201 217 383 3926 299 153 10343 1244 938 258 360 3305 4216 138 172 122 345 176 2146 241 1031 227 1147 2618 2505 404 585 216 273 992 565 641 303 2009 185 308 1450 676 149 1233 170 168 108 682 34 57 686 175 164 2192 236 739 571 178 185 1364 226 5912 1148 51 1135 815 589
internal_value=-0.000224604 -0.0119887 -0.0169187 -0.0199526 0.011673 0.00113445 0.00511081 0.0074149 -0.0129879 0.00357272 0.00063422 -0.00851925 0.0140747 0.00825833 -0.00335155 -0.0269894 0.0094113 0.0136015 0.0123084 0.0163552 0.00520711 -0.00152872 -0.00750324 0.00975046 0.0129627 0.0147273 0.00825945 0.00467527 0.00609081 0.00109968 0.0131987 0.018077 0.0166353 0.0212693 0.0139336 0.0147222 0.007041 0.0093429 -0.000135148 0.0176683 0.0125466 0.0151221 0.0159258 0.00100723 -0.0161378 0.015893 0.0170535 0.0230882 0.0043444 0.0176366 -0.00134651 0.0210882 0.0116807 -6.69625e-05 0.00265491 0.00761923 0.0059897 0.00732682 0.00375435 -0.0152566 0.0175561 0.0072229
internal_weight=3129.51 1573.71 1143.91 1005.64 1555.8 429.797 138.265 838.989 95.5481 533.301 413.504 126.076 305.688 168.531 67.1003 23.2184 43.8819 119.797 105.887 91.2122 334.249 134.64 95.0863 199.609 168.494 161.659 115.602 287.428 272.87 71.3329 34.9626 21.5162 716.816 261.064 455.752 444.716 124.507 117.848 53.131 320.209 166.911 155.838 101.43 28.1685 17.4287 113.596 64.7167 247.45 100.044 29.5209 70.5235 137.157 56.1521 29.4794 51.3683 257.739 238.348 229.834 176.79 23.5476 145.509 49.2861
internal_count=231285 197462 174245 167803 33823 23217 6442 25407 10601 22594 19402 8727 2813 1726 781 483 298 3192 2516 1272 12616 5356 4209 7260 4755 4351 3766 10675 9737 4511 1206 602 8416 2358 6058 5750 2450 2233 1382 3300 1850 1682 945 263 229 2832 851 2173 3550 619 2931 1087 516 363 1591 8745 8519 8246 7098 1186 1512 697
is_linear=0
shrinkage=0.03


Tree=22
num_leaves=63
num_cat=0
split_feature=26 182 167 102 51 47 46 30 57 27 174 168 95 159 137 126 159 135 112 171 117 10 140 48 6 168 102 39 185 158 26 178 91 171 31 137 12 31 77 117 29 118 136 167 151 164 95 172 117 91 143 163 178 140 100 12 42 149 100 17 47 164
split_gain=446.121 111.324 65.942 31.1295 26.5409 26.9008 22.4973 21.7685 19.2554 18.2184 26.8208 62.1782 18.7101 15.4482 14.4332 13.7478 12.1398 11.5996 12.1933 10.8154 10.7468 11.5349 10.6754 10.6114 11.1919 10.4877 10.1107 9.65604 9.57053 9.44634 12.2728 9.23034 14.7754 12.4698 9.45375 10.1613 10.0546 8.94944 10.8626 8.88764 8.82685 9.2084 8.79528 8.76872 9.1118 9.8697 8.66156 8.66041 8.54132 9.86708 8.51387 8.49037 8.45118 9.13113 8.36441 8.18145 8.10622 7.99723 12.2684 8.86016 7.55079 7.41845
threshold=0.06637329608201982 18.899700164794925 222689720.00000003 0.52500000596046459 0.90259504318237316 1.4407482743263247 1.0415977835655215 0.0019671265035867695 1.3218547105789187 0.14953646063804629 27.38392543792725 181182464.00000003 0.45364230871200567 139.95771789550784 0.62523493170738231 0.4053837656974793 20.317059516906742 0.19989226013422015 -0.041666667908430093 13.84262800216675 0.33920599520206457 1.0239409804344179 1.2103066444396975 0.99372389912605297 0.05263346619904042 3407047.5000000005 0.45833332836627966 0.026207892224192623 -28.794150352478024 16.407126426696781 0.095377255231142058 0.054887371137738235 0.29505309462547308 79.796340942382827 0.0094774067401886004 0.7388114631175996 0.054258504882454879 -0.010504446923732756 0.60833334922790538 0.59220552444458019 -0.022557887248694893 0.39576160907745367 0.47058133780956274 2971541.3750000005 0.53116488456726085 57.340185165405281 0.57257899641990673 36.104412078857429 0.69056281447410595 0.38158625364303594 0.42827059328556066 13.296129226684572 0.020879340358078483 0.95137432217597973 0.32500000298023229 0.25306174159049993 -0.20893558859825132 0.44165155291557318 0.42499999701976782 0.81782764196395885 1.0331957340240481 2.0055339336395268
decision_type=2 2 2 2 2 2 2 2 2 2 2 2 2 2 2 2 2 2 2 2 2 2 2 2 2 2 2 2 2 2 2 2 2 2 2 2 2 2 2 2 2 2 2 2 2 2 2 2 2 2 2 2 2 2 2 2 2 2 2 2 2 2
left_child=1 2 8 9 43 7 26 -6 51 10 11 17 20 47 15 23 -13 18 -2 -15 21 -11 -9 40 -25 55 -4 -22 -17 30 -5 34 -33 -34 35 36 -31 38 -27 -18 -12 57 -28 -3 45 -45 -46 -14 61 -50 -10 -1 53 -43 -16 -19 -29 -42 -59 -60 -39 -38
right_child=3 4 6 29 5 -7 -8 22 50 12 14 16 13 19 54 28 39 25 -20 -21 27 -23 -24 24 -26 37 42 56 -30 31 -32 32 33 -35 -36 -37 48 60 -40 -41 41 52 -44 44 46 -47 -48 -49 49 -51 -52 -53 -54 -55 -56 -57 -58 58 59 -61 -62 -63
leaf_value=-0.020721020206266767 -0.011772444574605362 -0.023895043798431773 -0.01383802409974026 0.012117979521638135 -0.022598562069676656 0.018151792196170545 -0.016421054878153735 0.014728068349525348 0.02268203832708526 0.010718277294533347 -0.0034343871567569049 0.022084323117088241 0.031757450889698322 0.013226022375611247 -0.026398352626571333 -0.043836577336195628 0.0068874697108607507 0.025276387053108883 0.028670724063719007 -0.043484915208883805 0.023422328119921117 -0.032882489171904686 -0.015698565723375142 0.012456446776611537 -0.022723643046896884 -0.01208917207378447 0.0092535720808651651 0.028773422814799884 0.0017089425389049404 -0.01057770224298389 -0.02992543376851849 -0.025543681647693627 0.01783065279501626 -0.019150023383981151 0.022328624478658573 -0.012819961309020382 0.026205757620752501 0.0022477479085346 0.030488354029670206 -0.039498184404662698 0.018931999921002873 0.019467433018333574 0.033785183025741905 0.0060908641378784939 0.024212025297944657 -0.023078036908156453 -0.0080659844578379568 -0.013162246502659833 0.018943211508313542 -0.020731902403229321 -0.014878952165787718 0.0025453834773559742 0.022389660019729429 -0.017483491296769887 0.0018591829833430769 -0.0097883136239107025 -0.0037021940684181282 0.017109468348999818 0.0040413750483215168 -0.030135497692103871 -0.022282750033289209 0.013870660814501293
leaf_weight=927.30290534765163 13.207257696063609 7.3318815324491871 12.25713517585609 18.918815059019838 90.680879692296003 26.617122631578241 37.899080599778245 26.607932099243044 12.994394081120847 21.801709150531682 20.177944917872082 83.734838438045699 8.3308069592749252 3.4667667768662787 11.054788615903815 5.0591961339232538 13.883068976603683 9.1816883313003945 11.735951953516631 10.622716234065591 152.01179858021351 6.1795282661914817 15.604468373450798 17.750441098003652 13.35785784316249 18.542362465435875 66.108595072379103 8.4977109227329475 12.604587305420862 11.971680036789619 8.0988374420303426 9.9141411369055259 52.754105560954486 8.7624458999780455 270.19269587977215 11.301954235939773 75.464447815320455 12.051738902249779 6.4464459880255154 3.9504341061110599 32.66280668892432 12.110465140489397 16.116881288849982 211.47666886253683 42.161346939479699 9.9715213854724407 8.3823303022654709 5.7317850288527543 9.9706137939938362 10.59630058017501 7.9098372212029053 13.891350594880349 179.01418900043518 10.105445444176437 42.072050800765282 13.512926346593302 24.407220672175754 19.439567124587484 12.559131990539301 13.111838324562994 117.15461717457765 120.39385575309643
leaf_count=162419 1065 513 1046 275 13367 343 3938 951 325 348 269 674 148 69 275 120 486 54 309 332 1420 266 1023 219 248 1276 1250 61 231 362 130 209 623 166 1753 801 910 554 91 130 439 159 161 7391 534 610 250 137 51 164 704 1040 1828 217 1210 1140 346 234 186 396 13096 2089
internal_value=-0.000416406 -0.0118939 -0.0170086 0.0109077 0.000865349 -0.00885681 0.00280454 -0.0143839 -0.019738 0.00748281 0.00502764 -0.00169255 0.0145954 -0.00808238 0.0101102 0.0123319 0.0173376 -0.0113221 0.00751236 -0.0293804 0.0176319 0.00018337 0.00330797 0.013721 -0.00279364 -0.0140221 0.010639 0.0202408 -0.0128251 0.0162049 -0.000996189 0.0170098 0.00671997 0.0122931 0.0184295 0.0139473 0.0153351 -0.0168156 -0.000239376 -0.00478012 0.0154518 0.0168357 0.0144462 0.00643977 0.00735301 0.0046661 0.0187481 0.0135911 0.0168243 -0.00137223 0.00830216 -0.0203721 0.020232 0.00250109 -0.00434438 0.00473944 0.00519745 0.0078649 -0.000320092 -0.0137779 -0.0199719 0.0187476
internal_weight=3087.19 1533.31 1094.48 1553.87 438.834 159.51 132.382 132.893 962.098 945.532 704.482 303.401 241.05 28.1521 401.08 347.953 101.568 201.833 24.9432 14.0895 212.898 27.9812 42.2124 330.29 31.1083 176.89 94.4826 184.917 17.6638 608.34 27.0177 581.322 71.4307 61.5166 509.892 239.699 228.397 154.195 24.9888 17.8335 299.181 279.003 82.2255 279.324 271.992 221.448 50.5437 14.0626 216.425 20.5669 20.9042 941.194 201.23 22.2159 53.1268 22.6946 32.9049 77.7733 45.1105 25.671 129.206 195.858
internal_count=231431 195865 170883 35566 24982 15684 6395 15341 164488 28033 24906 18875 3127 686 6031 4546 1290 17585 1374 401 2441 614 1974 4195 467 16211 2457 1827 351 7533 405 7128 998 789 6130 4377 3576 15017 1367 616 3728 3459 1411 9298 8785 8001 784 285 3214 215 1029 163459 2204 376 1485 1194 407 1255 816 582 13650 2999
is_linear=0
shrinkage=0.03


Tree=23
num_leaves=63
num_cat=0
split_feature=26 175 167 70 47 160 168 47 22 51 69 51 12 32 95 30 60 81 47 119 159 94 174 87 76 13 168 117 41 102 12 12 77 62 32 22 97 159 164 138 97 177 143 30 93 88 81 102 70 156 129 138 142 79 88 26 84 175 177 101 133 135
split_gain=423.12 113.377 63.429 34.9392 38.2925 25.9349 46.5374 30.0033 33.4411 21.0513 20.9959 18.5128 14.5201 12.9343 17.0214 12.3278 12.2893 12.2339 14.5052 12.2287 11.8872 16.991 12.8518 11.8269 12.8854 26.2434 13.435 11.9959 11.568 11.0705 10.8485 10.7616 10.6541 13.9292 10.2699 10.2459 10.2257 10.0258 18.867 9.83171 9.7966 9.75942 9.7261 9.70192 9.26862 9.59313 9.59098 16.7042 12.9578 9.00717 9.2261 8.98434 8.96645 10.8689 8.95838 8.8841 8.44262 9.58635 8.17754 7.88855 7.56427 7.55894
threshold=0.06637329608201982 17.728792190551761 222689720.00000003 0.78846153616905224 1.4407482743263247 471.50373840332037 158958952.00000003 1.380228638648987 0.86559513211250316 0.97251591086387645 0.58139470219612133 0.90259504318237316 0.092859823256731047 0.0085040172562003153 0.10211539641022684 0.00240261247381568 0.94602277874946605 1.0000000180025095e-35 1.1008029580116274 0.1484811529517174 40.631032943725593 0.33858998119831091 26.520096778869632 0.94166666269302379 0.050000002607703216 1.0965622663497927 124511916.00000001 0.67837789654731762 -0.0047388954553753129 0.44166666269302374 0.080929767340421691 0.19366463273763659 0.39166666567325598 1.1209003329277041 -0.009676521643996237 1.1266190409660342 0.27134348452091223 16.75634860992432 0.46307465434074407 0.89731389284133922 0.22504776716232303 0.039127243682742126 0.25815610587596899 0.0074533086735755214 0.66799935698509227 0.079154249280691161 0.18333333730697635 0.47499999403953558 0.84563419222831737 -0.038680402562022202 0.56753867864608776 0.64884656667709362 1.5803825259208681 0.35000000894069677 0.29424270987510687 0.074101541191339507 -0.35000000894069666 1.3274545669555666 0.035229574888944633 0.58333334326744091 0.16809833049774173 0.31525911390781408
decision_type=2 2 2 2 2 2 2 2 2 2 2 2 2 2 2 2 2 2 2 2 2 2 2 2 2 2 2 2 2 2 2 2 2 2 2 2 2 2 2 2 2 2 2 2 2 2 2 2 2 2 2 2 2 2 2 2 2 2 2 2 2 2
left_child=1 2 34 4 11 6 7 8 20 -9 -4 16 -8 17 -15 -13 -3 18 61 -14 21 -2 36 24 25 32 42 -28 -6 -12 49 -32 51 35 -1 -34 -22 38 -21 -20 -17 -24 54 -31 -44 -46 -47 -48 -49 -5 -51 -19 -53 -54 -26 60 57 -57 -40 -43 -39 -7
right_child=5 3 10 30 28 13 12 9 -10 -11 29 15 19 14 -16 40 -18 23 39 37 22 -23 41 -25 26 -27 27 -29 -30 43 31 -33 33 -35 -36 -37 -38 55 58 -41 -42 59 44 -45 45 46 47 48 -50 50 -52 52 53 -55 -56 56 -58 -59 -60 -61 -62 -63
leaf_value=0.01592391744177072 -0.024070680806082781 -0.012168578502196291 -0.022080493120157939 0.018687827358779718 0.026975928069368646 -0.0024205176025894819 -0.019782668303122999 0.014613391659997811 -0.021500501399717108 -0.009610496711749834 -0.02577933560559461 -0.022708185737253025 -0.012686252949433201 -8.5381473291467068e-05 0.026043347867363589 0.017607864817154369 0.0076476214813810135 -0.0074399860590994848 -0.0026960711431084951 0.017035878289932499 0.013938510088864849 0.020090901474824705 -0.026596712996512853 -0.012782970993323565 -0.011404013876862337 -0.033961320245372288 -0.029217022853209512 0.02473939485799459 -0.0078932782613474802 0.013000089800837954 0.02478292389635767 -0.0038109502513954756 0.00094904948454153394 0.025223055618801917 -0.019909996807255002 -0.041610172172689162 -0.018657453692860055 0.019603996885262872 0.0038291907229881885 -0.047032230186340569 -0.018697298555476315 0.024562023972480789 0.021582123753489682 -0.02232430020763683 0.028979011982314385 0.020044636146141822 0.010617752695866369 -0.042146444984551994 0.0071476235002072928 0.015428985161937719 -0.0061169196548875645 0.024046474782594262 0.021006607067543561 -0.024768952838943661 0.014689080554779769 0.022463664415261417 0.026920718400692135 -0.017214874939766329 -0.035109804909274955 -0.0059684289143623927 -0.02528835007709888 0.020557676888499028
leaf_weight=6.4672389351762822 8.4760810945008398 51.713660925358454 24.770936142966093 30.051571361604147 35.524650126229972 25.958368792780675 9.0210347469255776 145.22493238521929 86.727461219511497 40.522138195083244 7.1568590114184181 105.38124263093414 11.032817100363898 26.406953207362676 139.97493665042566 13.357923406503689 59.402330274868291 12.846294812508857 10.73672155919485 69.00873088305525 9.5761810579569993 45.970876254374161 5.0086663905676678 13.876339418493442 18.430018384475261 12.327024656115098 9.7809357713995251 4.6944716894067815 10.524114090530928 97.000921453003684 61.554997243118123 14.095940419196266 10.189578669960616 7.9740966416429719 908.76742478330561 8.8327189850388077 49.660023087195441 5.8548226100392622 8.7048548937309551 7.1248334237607187 11.5150382651409 22.71022301551784 318.40662271050678 6.5796362283654153 20.733015143719967 29.303413942518091 37.462320530219586 11.372283410832098 7.2743067571427664 23.770469909031817 63.345327919469128 63.056943880452309 8.9076580898836273 7.8232519554439923 29.2572054581251 11.958308591038078 145.08211026081699 8.493055906321386 9.1751028957078216 10.524579201075538 5.6433497796533629 23.840654837258626
leaf_count=121 236 3021 3503 541 317 233 481 3305 11775 3132 987 16124 115 177 558 492 2558 202 250 613 340 757 218 175 266 149 445 33 179 1759 854 702 249 34 160265 133 3354 57 86 186 955 452 2762 206 125 369 458 261 70 486 2691 453 103 181 461 115 889 394 131 307 190 226
internal_value=-5.97621e-05 -0.0112877 -0.0168026 0.000782436 -0.00583215 0.0108529 0.00657279 0.000268468 -0.00674967 0.00928954 0.00231852 -0.0106301 0.0159501 0.0143366 0.0219027 -0.0182616 -0.00157441 0.0125058 0.000329751 0.0172008 0.00173676 0.0128518 -0.00450849 0.0138009 0.0144216 0.00601049 0.0166789 -0.0110568 0.0189447 0.00795197 0.010637 0.0194357 0.0104015 -0.00593532 -0.0196364 -0.0197541 -0.0131942 0.0185047 0.0099282 -0.0220964 0.000611255 0.00886203 0.017557 0.0105355 0.0190007 0.0110999 0.00644003 -0.000839146 -0.0233784 0.00481414 -9.54652e-05 0.0152072 0.0189376 -0.000418277 0.00451598 0.0226178 0.0243813 0.00581172 -0.0167947 0.0149143 -0.00244975 0.00870908
internal_weight=3105.95 1530.98 1050.74 480.237 287.419 1574.97 708.375 424.401 238.654 185.747 135.508 241.37 283.974 866.591 166.382 130.254 111.116 700.209 67.6606 274.953 151.927 54.447 97.4797 632.549 618.672 131.958 486.715 14.4754 46.0488 110.737 192.818 75.6509 119.631 26.9964 915.235 19.0223 59.2362 263.92 86.8887 17.8616 24.873 38.2435 472.239 103.581 424.552 106.145 85.4123 56.1089 18.6466 117.167 87.1158 92.6341 79.7879 16.7309 47.6872 177.032 165.533 20.4514 17.88 33.2348 11.4982 49.799
internal_count=231267 195761 166841 28920 23646 35506 26947 23876 17439 6437 6455 23150 3071 8559 735 17571 5579 7824 895 2590 5664 993 4671 6929 6754 1504 5250 478 496 2952 5274 1556 1355 416 160386 382 3694 2475 830 436 1447 977 4772 1965 4045 1283 1158 789 331 3718 3177 939 737 284 727 1645 1398 509 217 759 247 459
is_linear=0
shrinkage=0.03


Tree=24
num_leaves=63
num_cat=0
split_feature=26 182 168 76 27 166 182 117 30 159 159 47 106 23 156 168 26 89 27 133 166 77 130 169 31 17 57 117 43 114 3 29 42 170 15 88 145 89 53 12 88 18 68 49 142 27 38 54 44 185 132 177 95 19 110 23 44 150 86 100 121 12
split_gain=463.527 80.8181 54.4885 34.0541 29.5283 22.5243 32.1457 30.4039 22.2408 25.993 17.9035 16.0753 15.9226 12.2358 12.0392 13.2825 14.7537 11.4598 11.2507 10.8379 10.8138 10.5154 14.7648 10.395 10.3864 9.76565 9.7453 9.68053 12.3853 13.2253 9.24538 9.16309 9.04731 11.8726 8.86751 11.3003 10.3429 10.1219 8.73204 7.9545 8.13666 7.74065 11.1985 9.48024 7.95682 7.69864 7.69137 7.6872 7.52058 7.51165 7.47054 14.0986 7.45126 11.5954 7.32777 12.5471 13.0649 12.644 9.41885 8.66204 13.2657 8.98217
threshold=0.06637329608201982 18.899700164794925 188907064.00000003 0.84999999403953563 0.13305434584617618 1876727936.0000002 13.549170017242433 0.61217936873435985 0.0018163218628615143 719.87277221679699 40.631032943725593 1.5037736892700198 0.41666667163372045 0.042446877807378776 -0.050735108554363244 19304670.000000004 0.033298494294285781 0.75931876897811901 0.086138412356376662 0.4587481170892716 16348609024.000002 0.50833332538604747 0.98341643810272228 1.2821640372276308 1.0000000180025095e-35 0.903191238641739 1.3376716375350954 0.33920599520206457 1.0845975279808047 0.5060240924358369 0.0059959602076560268 -0.013906684704124926 -0.051225434988737099 71.351432800292983 0.70614448189735424 0.88739362359046947 0.53339949250221264 0.63871377706527721 1.0309867262840273 0.072207666933536543 0.16318922489881518 1.0133002400398257 0.80000010132789623 0.98690187931060802 1.2982047200202944 0.1146880015730858 0.023033920675516132 0.99078938364982616 1.0763441920280459 -15.168674945831297 0.75584885478019725 0.029090657830238346 -0.25698867440223688 1.0636669993400576 0.22500000149011615 0.023722222074866298 1.032000005245209 0.47985382378101354 0.84999999403953563 0.32500000298023229 0.68854582309722911 0.080929767340421691
decision_type=2 2 2 2 2 2 2 2 2 2 2 2 2 2 2 2 2 2 2 2 2 2 2 2 2 2 2 2 2 2 2 2 2 2 2 2 2 2 2 2 2 2 2 2 2 2 2 2 2 2 2 2 2 2 2 2 2 2 2 2 2 2
left_child=1 2 11 25 5 6 7 -2 9 18 -9 49 13 48 -10 16 -16 27 -3 31 23 22 50 -5 -17 47 -11 28 29 -6 -22 -7 -19 -34 37 -36 -37 45 -13 40 -26 42 44 -43 -24 -33 -42 -4 -8 -1 51 -14 -23 -54 59 -56 -57 58 -58 60 -29 -61
right_child=4 8 3 20 17 19 12 10 14 26 -12 38 21 -15 15 24 -18 32 -20 -21 30 52 41 -25 39 -27 -28 54 -30 -31 -32 34 33 -35 35 36 -38 -39 -40 -41 46 43 -44 -45 -46 -47 -48 -49 -50 -51 -52 -53 53 -55 55 56 57 -59 -60 61 -62 -63
leaf_value=0.010082436518096633 -0.017211283205440794 -0.0080374384556207105 -0.033889983925846509 0.027433194874086225 0.017792689158320954 -0.0057576740828012615 -0.036575636196233545 0.024117227713880422 0.016903597867543477 -0.020632048507858141 -0.015443870190380387 -0.021177686027058624 -0.023133247815864615 0.015287824162052205 0.0089482678403916167 0.023025907474252299 -0.020474658870817231 -0.027886615925294216 0.016670247389951279 -0.0075453859327475397 0.0099998253107339476 0.026924265485557371 -0.0047370074848810343 -0.0018133649391856947 0.0076121688818100008 -0.024989359993493093 0.015041169746408548 -0.019738496556319481 -0.031763625928433327 -0.025087777446422023 -0.031486971559875808 -0.038562296189490537 0.019444064336064611 -0.014417877107566607 0.017845957940851209 0.012843387490695315 -0.022687521851966989 0.014527753906662205 0.020760207290101446 0.013875284906118154 -0.018304681109033358 0.015509430847513786 0.014708814051963977 -0.022316823914710286 -0.042443974501173216 0.0047687932302363355 0.017097592718855553 0.0071181996233875373 0.0014330461345145864 -0.019699784092279907 0.020746951708268464 0.015248825631592673 0.014306195118028669 -0.01937949916009955 0.02569196980337558 0.018428962949897511 -0.016079018905053009 -0.034776811871495249 0.022888010036021911 0.0067623013544032507 0.016842269584795514 0.02245615013664792
leaf_weight=6.9861346771649542 102.50908136880025 28.944453731026442 4.0753974692197543 45.028403796895873 35.754384240426589 19.46353450154129 13.852725058008224 31.952358901500702 56.523484120385547 99.288380352178137 14.066310407579293 5.4874312409738222 12.041165613220072 9.2034083404578251 23.267429871957575 26.853337821354216 40.99813055586128 6.8048795611830419 36.167155656177783 21.433282015297664 12.356583072793002 39.476267844787799 8.5760173231246934 13.94389894424239 31.582769533779356 36.640653582224331 6.6019840422668485 11.45316373859532 6.3254599755164227 6.8926677486742838 6.5701544722542158 7.168960729264656 25.070866546431716 13.524523017080353 329.93659075244068 16.93764712193661 11.503146373677735 16.70944199533551 13.444158672122283 34.74883575324202 32.580666560334066 18.302456041286863 6.2903435237240037 7.6167641722131512 13.076739942014681 6.1716115041635931 5.7041152910242081 20.664718914515106 6.5202300586679476 911.70100154925331 42.753299083153252 24.317887294106185 124.33176982953592 8.9962805689428915 28.461926558171399 22.380955758329947 10.180699982272932 11.438922175089827 10.126959869521668 37.526904365658993 30.497391043230891 399.34632464368042
leaf_count=594 11969 2649 216 652 592 856 398 273 1148 12466 823 443 268 221 952 549 2251 332 1000 969 295 255 187 473 857 5174 67 357 308 104 309 137 405 225 6131 384 368 243 461 779 2065 237 91 218 411 78 133 1273 182 160988 457 293 2020 240 192 106 154 169 63 612 434 3761
internal_value=-1.30839e-05 -0.0119332 -0.0162952 0.00118622 0.0113825 0.00787424 0.00341675 -0.00815559 -0.00081543 -0.00914468 0.0118897 -0.0188937 0.00856002 -0.0121167 0.0048328 0.0012636 -0.0098022 0.0162438 0.00568598 0.0128716 0.0142943 0.0106027 0.00418437 0.0205529 0.00672863 -0.0153638 -0.0182599 0.0173243 0.00434772 0.0103776 -0.0051086 0.0139676 0.00159178 0.00743801 0.014976 0.0162854 -0.00170801 -0.000564751 0.00800112 0.00233857 -0.00347174 -0.00781102 -0.0185053 0.00386606 -0.0285102 -0.0193726 -0.0126527 -0.000574642 -0.0247729 -0.0194593 0.0123842 0.00217842 0.0154719 0.0118836 0.0184412 0.0099311 0.00127341 -0.0109229 0.00337434 0.0198791 0.00655826 0.0211334
internal_weight=3069.15 1500.16 1076.9 139.28 1568.99 913.207 483.883 148.528 423.261 171.002 46.0187 937.619 335.355 29.5764 252.259 195.735 64.2656 655.786 65.1116 429.324 77.899 305.779 132.975 58.9723 131.47 61.3808 105.89 610.386 48.9725 42.6471 18.9267 407.891 45.4003 38.5954 388.427 358.377 28.4408 30.05 18.9316 104.616 69.8676 53.8623 27.9431 25.9192 21.6528 13.3406 38.2848 24.7401 20.373 918.687 79.1124 36.3591 172.804 133.328 561.413 82.5895 54.1275 31.7466 20.3077 478.824 41.9506 436.873
internal_count=231317 195794 170878 8392 35523 27709 18543 13065 24916 16182 1096 162486 5478 801 8734 7586 3203 7814 3649 9166 1729 4677 2162 1125 4383 6663 12533 6852 1004 696 604 8197 962 630 7341 6883 752 458 904 3834 3055 1144 689 455 598 215 2198 1489 580 161582 1018 561 2515 2260 5848 684 492 386 217 5164 791 4373
is_linear=0
shrinkage=0.03


Tree=25
num_leaves=63
num_cat=0
split_feature=26 21 47 168 160 174 168 160 41 140 177 26 166 177 89 163 138 47 177 163 145 72 135 168 28 170 166 134 159 32 126 142 19 27 171 12 133 12 12 69 48 159 166 71 163 84 138 141 25 171 139 160 42 145 53 88 101 0 23 26 23 174
split_gain=425.146 80.5194 37.9596 33.7094 48.438 28.3775 21.2584 27.9934 32.0454 25.7643 16.3861 15.8326 15.7261 14.7665 17.682 13.2429 14.909 12.9423 12.9254 14.7854 17.9821 12.079 11.8248 11.4332 11.4058 10.9406 10.4289 10.1363 10.0046 9.98569 11.5545 9.81867 14.1032 18.8362 12.1834 9.7033 9.42547 9.39516 10.1366 9.38334 12.9216 9.38157 25.3668 12.2585 10.0717 10.3043 10.713 9.22844 16.9735 9.07775 9.04383 8.98159 12.0958 12.4984 8.72015 8.6423 8.55564 8.3041 7.24733 10.4615 8.05222 7.17716
threshold=0.06637329608201982 0.97466787695884716 1.4407482743263247 145414144.00000003 456.73466491699224 65.677997589111342 158958952.00000003 456.73466491699224 0.061937252059578903 1.1854733228683474 0.027836839668452743 0.057516017928719528 429499952.00000006 0.03565198369324208 0.0812051296234131 9.2848243713378924 0.84364557266235363 1.5627925395965578 0.045721648260951049 -82.538524627685533 0.4903779029846192 0.44680877029895788 0.31691950559616094 124511916.00000001 0.0020401777001097803 78.975688934326186 15036712448.000002 0.16863759607076648 27.829217910766605 -0.009676521643996237 0.4905525296926499 1.3315932750701907 1.0431419014930727 0.13581775873899463 18.237729072570804 0.050107037648558624 0.16523842513561252 0.072207666933536543 0.20089968293905261 0.83828634023666393 0.9682203233242036 9.4100360870361346 3109244160.0000005 0.51908862590789806 13.296129226684572 -0.35000000894069666 0.68073183298110973 1.1738839745521548 0.058123750612139709 17.150865554809574 1.0249710083007815 661.95684814453136 -0.028544198721647259 0.49625113606452947 1.0777200460433962 0.79257023334503185 0.45000000298023229 -0.028396943584084507 0.01644860859960318 0.075038537383079543 0.03325015306472779 50.772203445434577
decision_type=2 2 2 2 2 2 2 2 2 2 2 2 2 2 2 2 2 2 2 2 2 2 2 2 2 2 2 2 2 2 2 2 2 2 2 2 2 2 2 2 2 2 2 2 2 2 2 2 2 2 2 2 2 2 2 2 2 2 2 2 2 2
left_child=1 3 15 4 -1 6 7 8 9 13 11 -4 18 29 -15 61 -17 -11 19 -7 -21 -6 37 -14 28 -16 56 -10 -5 -2 -31 34 47 54 -9 -36 -25 55 -39 40 -24 42 -8 -44 45 46 -43 48 -33 -48 -28 -49 -53 -54 -34 -23 -26 -22 59 -37 -60 -3
right_child=5 2 10 24 21 12 41 31 27 17 -12 -13 23 14 25 16 -18 -19 -20 20 57 22 39 36 26 -27 50 -29 -30 30 -32 32 33 -35 35 58 -38 38 -40 -41 -42 44 43 -45 -46 -47 49 51 -50 -51 -52 52 53 -55 -56 -57 -58 -59 60 -61 -62 -63
leaf_value=-0.016614126967555144 0.019912495633572336 -0.019823637852357103 -0.028514820600386619 -0.025987806232252959 0.018002106248205755 0.017938308652221364 0.027032756177962813 0.02589459567668739 -0.025734509177438178 -0.022836650456984749 0.022467569227020926 0.015874081111756679 0.021359166112084427 0.024733648029649891 -0.012740066891609104 -0.02901113349780279 0.0097702461490562099 0.0062646486021648478 0.02011128236532702 0.0085965423148262297 -0.00039096842977102086 0.005218639906779044 -0.031869429259959114 -0.041540512022279479 -0.018447274681189913 0.019689983645129895 0.010532016779654844 0.01303443899508965 0.014661373313021966 -0.01403038302802879 0.023974918311646991 0.017612988922114173 -0.041892581708186917 0.011799566640355396 -0.017287455137395508 0.02227922255921324 0.0084963422193483143 0.017159860345192859 -0.020558583203605759 0.0044866222757815573 -0.002657739124712742 0.024972431209692333 0.0098035783326814816 -0.034015666814099864 -0.0075206690334058551 0.021311504964191506 0.0050069460667658584 0.019337648365516893 -0.030525365552910258 -0.0335326050461872 -0.02625686420139051 0.019857495611474374 -0.029814249284951862 0.0063790267292891814 -0.0032184425749473182 -0.020122546487338046 0.021930604697229662 -0.039572446496112502 0.021927901819895772 -0.019258387917478824 -0.0017594965331475816 -0.0053480313674028066
leaf_weight=217.69056898006784 10.025209864805218 775.32365332054269 15.636674011751895 12.03479220348436 38.560443826274422 23.537369876401499 19.061284004477784 75.764151996059809 5.3746607965003923 80.770232945283169 28.676368899268709 11.841129205953619 347.27319530510067 39.22515909275171 29.917805030123418 11.638839356790411 29.279381469448708 15.901668944046831 41.782327561144484 21.640073802547704 6.9841412585228708 34.049137303234602 24.127657728631675 3.5370297110348465 4.1987078516394822 12.411426972954358 16.124189291265797 146.81616934627164 8.4140322127495875 74.754272576841686 6.994893919909372 12.536324235057693 12.910522115998903 21.24624268244952 9.6731681998789991 8.0809597176266852 12.334113147458991 60.7662198102189 6.240013318230921 31.08919123931264 30.760771846948046 12.097323612309991 8.2568302771542239 14.9861758146435 13.117799564508458 209.19446501870698 14.467289525258822 95.095265340547485 11.849282774026504 7.5775401848659376 8.2542837325017882 25.318756063032197 12.490695633739959 22.655921327803298 8.9970409781672043 17.476243177501601 80.342587757269939 16.525231701147277 61.395285295293434 12.641891698760444 15.819885086675638 33.617201033030142
leaf_count=37667 253 135184 1174 1146 938 159 103 617 324 9101 771 486 2106 702 1980 1224 1420 485 367 262 64 1349 1891 143 380 189 402 3462 389 7211 90 187 332 164 273 178 289 893 412 1201 1913 236 169 204 396 1486 350 1009 167 376 482 233 311 312 147 1008 1823 397 483 173 217 3748
internal_value=0.00029315 -0.0112 -0.0168127 -0.00256394 -0.00636748 0.0110354 0.00842853 0.00593662 0.000514241 -0.00567906 0.00693222 -0.00939506 0.0172039 0.00124159 0.010479 -0.0183914 -0.00161815 -0.0180039 0.00716391 -0.00084453 -0.010878 0.00282748 -9.27882e-05 0.0202218 0.0109047 -0.00292699 0.0147594 0.0114867 -0.00921836 -0.0069593 -0.0104918 0.0115462 0.00724376 -0.00798179 0.0166967 0.0100145 -0.00427827 0.00601661 0.0133525 -0.00852224 -0.0158927 0.0152875 0.00206172 -0.0185633 0.017441 0.0188242 0.00332617 0.0109356 -0.00594092 -0.00899045 -0.00234987 0.0136214 0.00441405 -0.00686961 -0.0269746 -0.00353887 0.019698 -0.0285457 0.0128889 -0.00264257 0.017076 -0.0192331
internal_weight=3097.18 1496.14 906.013 590.129 460.76 1601.04 1127.43 828.667 422.191 270.001 56.1542 27.4778 473.613 173.329 81.5544 849.859 40.9182 96.6719 110.469 68.6868 45.1494 243.07 204.509 363.144 129.369 42.3292 108.92 152.191 20.4488 91.7744 81.7492 406.475 223.1 43.1538 183.375 107.611 15.8711 118.532 67.0062 85.9776 54.8884 298.759 42.3043 23.243 256.454 243.337 34.1422 179.946 24.3856 22.0448 24.3785 155.561 60.4654 35.1466 21.9076 51.5254 84.5413 23.5094 97.938 20.7229 77.2152 808.941
internal_count=231608 195901 144007 51894 47272 35707 31920 28600 23797 20011 2431 1660 3787 10425 2871 141576 2644 9586 1249 882 723 9605 8667 2538 4622 2169 3087 3786 1535 7554 7301 4803 2862 643 1941 1324 432 3662 1305 5005 3804 3320 476 373 2844 2448 962 2219 354 726 884 1865 856 623 479 2357 2203 461 1051 351 700 138932
is_linear=0
shrinkage=0.03


Tree=26
num_leaves=63
num_cat=0
split_feature=26 175 167 182 42 167 27 57 27 71 72 176 81 166 125 162 132 138 170 134 94 159 57 166 42 39 92 92 182 16 26 27 15 171 126 94 97 81 138 132 24 80 49 159 92 167 134 24 71 176 175 107 94 89 30 52 166 90 8 140 171 81
split_gain=372.038 90.0876 61.3798 28.5928 26.118 25.7137 29.4707 21.1562 20.6751 19.9239 16.9965 24.5252 15.7348 14.9895 11.0854 12.5532 12.1511 10.9318 10.6452 10.5937 10.5793 13.0555 11.8478 10.2907 12.2748 10.1316 9.9933 13.4777 12.1258 9.79821 9.70841 9.64588 9.52823 8.79728 8.55091 11.4575 14.4397 11.9103 11.0253 13.5443 11.1816 9.24286 8.39044 8.35134 8.26528 8.23682 11.6415 8.19077 7.97002 8.5561 7.88053 7.86962 7.78081 7.69894 7.43995 7.35698 7.1627 10.9471 7.1012 7.89332 8.17384 7.23022
threshold=0.067738655954599394 18.163414955139164 222689720.00000003 28.171064376831058 -0.026654549874365326 122043144.00000001 0.13305434584617618 1.0005937218666079 0.079094760119915022 0.63327023386955272 0.85116612911224376 532.48901367187511 0.21666666865348819 6010761472.000001 -0.43898397684097284 47.932077407836921 0.71638396382331859 1.3536298871040346 90.982990264892592 0.23834238946437838 0.64322954416275036 40.631032943725593 0.95970436930656444 2014622144.0000002 0.039421658962965019 0.013708079699426891 0.76765319705009472 0.4690015316009522 5.4971249103546151 0.92977014183998119 0.035079494118690498 0.18774382025003436 0.80843651294708263 61.690546035766609 0.4905525296926499 0.23158816993236545 0.12138705700635911 0.28333334624767309 0.82453808188438427 0.79780277609825145 0.045555323362350471 0.42499999701976782 0.87760168313980114 22.286602973937992 0.2160514444112778 47440130.000000007 0.22795028984546664 0.017693572677671913 0.18988441675901416 504.24443054199224 20.548489570617679 0.45833332836627966 0.61336070299148571 0.68213891983032238 0.015052777249366047 0.67529049515724193 3651071744.0000005 0.64985433220863353 0.70000383257865917 1.3763604760169985 43.33336257934571 0.71666666865348827
decision_type=2 2 2 2 2 2 2 2 2 2 2 2 2 2 2 2 2 2 2 2 2 2 2 2 2 2 2 2 2 2 2 2 2 2 2 2 2 2 2 2 2 2 2 2 2 2 2 2 2 2 2 2 2 2 2 2 2 2 2 2 2 2
left_child=1 2 31 5 -3 6 10 26 9 -6 11 -2 -12 18 48 58 -17 23 34 30 -7 33 -23 24 45 -20 27 53 -29 -25 -10 32 -1 43 35 -5 41 38 39 -38 -41 -37 -13 -22 -40 46 -11 -14 49 -8 -21 -52 -26 -4 -36 -19 -35 -58 59 -16 -61 -60
right_child=3 4 7 13 8 20 14 -9 19 17 12 42 47 -15 15 16 -18 55 25 50 21 22 -24 29 52 -27 -28 28 -30 -31 -32 -33 -34 56 54 36 37 -39 44 40 -42 -43 -44 -45 -46 -47 -48 -49 -50 -51 51 -53 -54 -55 -56 -57 57 -59 61 60 -62 -63
leaf_value=0.012321002832661675 -0.015732635105460965 -0.015440372652092102 0.014899308316203902 0.019359142304652879 -0.015610046870207641 0.016641685372958414 -0.019782089086562066 -0.022042882658731534 0.02124634719621633 0.016418133070979959 0.017375437148428843 -0.025912517345916448 0.022399813304625139 -0.01562632840066603 0.023677884109685274 -0.029067818829580077 0.0080119076727213426 0.026941467541890307 0.01777598025780263 -0.013915716308046831 -0.030164820679833625 -0.038602834041640187 0.010782320487220921 0.0021290475506483561 -0.024871610841371891 -0.028457302734136134 0.021947037055692432 -0.030628769169417036 0.022907244438921597 0.025132314944979542 -0.013829630882217196 0.013819511979931989 -0.018921078868087686 0.025880412588101712 0.033175794730042174 0.00858626632413741 0.013485670918055859 0.020481608805445632 -0.010679093145541789 -0.0011519439876064505 -0.037595472970122217 -0.032532135753461693 0.0051695816906550283 0.017405002064752356 0.017462294113240448 0.028764671631789324 -0.013694776243767692 -0.03083150256837321 0.020309513070329976 0.005431153864484682 -0.014754139158882483 0.022159480663961631 -0.0008168984531435866 -0.01646441936938935 0.014264420487262047 -0.020507464815688475 0.019763922467028881 -0.013150463721836265 0.018607668365653762 -0.014638413683177549 0.019369020907182479 -0.028844375685185438
leaf_weight=8.1186381093211804 128.63691803473193 78.639247647053708 46.452572580154083 271.31955503273639 65.579758255100387 250.51984583766898 21.775363600845594 22.834886681870557 9.5951551147736627 24.628315994821605 53.700427806497828 7.3817262224038123 2.5527980537153772 12.925534118607173 110.80185372292908 8.7341819918656238 42.368083460474736 2.4363833286333856 6.7157853774260721 5.7714456737885476 7.6962704450706934 9.7148387212910183 6.6583315968746311 30.346042230263265 19.559670360555174 8.5778090027306444 35.595620537467767 14.989681132668922 4.1282574369106433 37.38481395085546 20.47705205573584 7.5438571483828119 889.32102429944734 27.081558682722971 49.335993943997892 8.005828012293934 21.513122456810379 93.154791858658427 10.120328430784864 17.800030979793522 12.514846402453257 10.205640322354155 112.87310097623413 4.461002531927079 65.174664519166981 13.934654455471899 20.007341407355852 9.9271937309604237 11.686894683632998 24.893726865324425 4.7532562235719515 87.872389407364608 30.252478267015249 7.3336245418759054 34.924165889678989 22.463838245967054 19.440491843270138 15.370727302768499 4.7004053005948645 10.46622439986095 13.253736122976987 4.856929699977627
leaf_count=580 15521 9402 895 1986 8418 3016 1062 3628 191 598 1169 134 29 497 1247 452 1136 17 74 324 200 380 215 849 1145 151 485 1088 80 552 956 201 161614 138 171 109 281 883 119 232 139 183 1768 72 650 255 1375 497 94 205 192 1944 1180 323 163 1361 109 132 39 233 126 165
internal_value=-3.88448e-05 -0.0106035 -0.0155537 0.0103735 0.000229593 0.00696478 0.00304233 0.00356904 0.00338746 -0.00137407 -0.003075 -0.00667507 0.0103174 0.0153318 0.0106384 0.0140539 0.00118056 0.00330978 0.0160179 0.0132258 0.0134697 0.00456277 -0.0188825 0.00596919 0.000180893 -0.00812607 0.00913881 0.00263222 -0.0183553 0.0150505 -0.00221778 -0.018333 -0.0186217 0.00996923 0.0166571 0.0151206 0.0102254 0.012365 0.00628035 -0.00428086 -0.0170128 -0.0147941 0.00303893 -0.0124853 0.0135501 0.00944545 0.00285036 -0.0188665 -0.000779143 -0.00643837 0.0179507 0.0200958 -0.0106251 0.0103457 0.0256318 -0.014888 0.0145559 0.00518557 0.0185595 0.0203323 0.00425703 -0.00567077
internal_weight=3041.86 1510.02 1036.32 1531.84 473.702 909.553 568.61 131.335 395.063 266.593 315.072 248.892 66.1804 622.288 253.537 195.181 51.1023 201.014 609.363 128.469 340.943 90.4232 16.3732 176.113 108.382 15.2936 108.5 72.9041 19.1179 67.7309 30.0722 904.984 897.44 74.0501 594.069 509.809 238.489 220.278 127.123 51.828 30.3149 18.2115 120.255 12.1573 75.295 58.5703 44.6357 12.48 58.356 46.6691 98.3971 92.6256 49.8121 53.7862 84.2602 24.9002 61.8928 34.8112 144.079 134.522 23.72 9.55734
internal_count=231430 197653 168894 33777 28759 28139 23877 6499 19357 15750 19118 17423 1695 5638 4759 3398 1588 7332 5141 3607 4262 1246 595 5954 4553 225 2871 2386 1168 1401 1147 162395 162194 651 4916 4582 2596 2304 1421 652 371 292 1902 272 769 2228 1973 526 1361 1267 2460 2136 2325 1218 334 1378 379 241 1810 1606 359 204
is_linear=0
shrinkage=0.03


Tree=27
num_leaves=63
num_cat=0
split_feature=26 71 32 175 168 52 164 26 52 45 10 144 43 169 133 22 175 174 168 168 177 43 185 174 123 150 164 168 91 87 4 46 166 96 112 138 111 40 110 150 52 111 164 146 182 142 156 97 91 81 178 135 96 89 112 111 89 91 174 70 136 92
split_gain=346.847 71.3675 44.2621 31.9213 58.9613 26.9204 29.0345 14.8961 15.9801 13.1445 18.9464 12.8619 14.9814 12.618 12.2429 11.7539 12.8224 23.0499 15.4481 13.6074 11.6876 11.6684 11.5803 11.5115 14.7301 16.2273 13.4819 13.6466 11.2312 10.505 11.0376 10.3959 10.333 10.2959 10.0016 9.8935 9.85045 9.76777 9.48705 9.15443 9.00756 9.43895 11.4275 8.63323 8.15811 8.09588 12.7712 8.04434 10.8488 7.93978 7.90535 14.1319 12.5374 10.9141 8.49137 7.88548 8.26003 7.81952 7.80789 10.9278 10.3832 12.763
threshold=0.06637329608201982 0.63779622316360485 -0.0065502109937369815 17.324316978454593 188907064.00000003 0.71059799194335949 -23.393072128295895 0.1161450929939747 0.88864931464195263 1.0621578693389895 1.0297767519950869 0.44017560780048376 1.0420423746109011 0.9057849943637849 0.50283139944076549 1.1597278714179995 1.3993052840232851 40.219991683959968 127534560.00000001 74427744.000000015 0.059258151799440391 1.0401945710182192 -1.613408029079437 65.677997589111342 0.80952373147010814 0.49963228404521948 2.0055339336395268 304012592.00000006 0.80364912748336803 0.57499998807907116 0.6821570396423341 1.2629750967025759 5078656.5000000009 0.21533433347940448 0.15833333879709247 0.66674813628196727 0.11666667088866235 0.022691417485475544 -0.32500000298023218 0.5248115360736848 0.81153547763824474 0.31666667759418493 0.41235467791557318 0.48717108368873602 5.9555900096893319 1.1921597719192507 -0.0091850543394684774 -0.1372830122709274 -0.22617572546005246 0.75000000000000011 0.044632347300648696 0.29880493879318243 0.39284235239028936 0.35016505420207983 0.19166667014360431 0.15000000596046451 0.40473382174968725 0.52877497673034679 24.260152816772464 0.79681167006492626 0.49186640977859503 0.049268100410699851
decision_type=2 2 2 2 2 2 2 2 2 2 2 2 2 2 2 2 2 2 2 2 2 2 2 2 2 2 2 2 2 2 2 2 2 2 2 2 2 2 2 2 2 2 2 2 2 2 2 2 2 2 2 2 2 2 2 2 2 2 2 2 2 2
left_child=1 2 21 4 -3 23 11 8 14 -10 -11 12 31 -14 15 16 18 32 -8 -19 -4 -1 -12 26 35 -26 33 29 -29 34 50 -7 -18 39 55 -25 37 -6 -9 -2 41 42 -20 -34 -23 46 -35 -40 -49 58 54 -52 53 -53 -31 56 -28 -56 -5 -60 61 -61
right_child=5 3 20 49 36 6 7 38 9 10 22 -13 13 -15 -16 -17 17 19 40 -21 -22 44 -24 24 25 -27 27 28 -30 30 -32 -33 43 45 -36 -37 -38 -39 47 -41 -42 -43 -44 -45 -46 -47 -48 48 -50 -51 51 52 -54 -55 57 -57 -58 -59 59 60 -62 -63
leaf_value=-0.017619463434160283 -0.035208125442238052 -0.015647980905302096 -0.018225295192580652 0.013488494368040298 -0.023480652105278201 -0.050830653936586825 -0.022558528473337624 -0.013540714208875511 0.019557382551979485 -0.018221162713202031 0.018454807999293523 0.016505821689025865 0.021790183676408083 -0.013236079619830709 -0.020720820646796329 0.027800641966779831 0.0083784026856171621 0.014154541205339717 0.012025751747029887 -0.025975959310301677 0.025719690751541104 -0.017037789456378932 -0.011377764481486762 0.0071454700771535285 -0.027305751922077678 0.022714923036398021 0.014331235376417535 -0.050527395599237114 0.0082256794739292947 0.020506111133461805 -0.022032773993790736 -0.0043207917418526705 0 0.023695547938273703 0.021532799286039066 0.022703113274034615 0.016865622212154274 0.013456119464010957 -0.012295521421809921 0.015345932938949754 0.030618131046992309 0.031499529440289553 -0.024731053976048741 -0.025258158438648211 0.02357508431746658 0.02204104058094538 -0.019272682434284268 0.032724657684384172 0.0087497910848859314 -0.027825515935533916 0.016433636386949647 -0.022984670261396549 -0.032340659361545669 0.020908848088787076 0.012494596446512808 -0.028253308316522053 -0.018588504017353243 -0.02705732649870872 -0.0094856492742124866 -0.018595978444120941 0.020046652874741021 0.0076496601036637399
leaf_weight=9.0211580331197165 5.3291153968311828 273.47460773436978 780.08048730804512 82.255647742527799 11.858825188986886 5.7515348950400975 8.7830452497000788 9.8689202767709485 13.074607729911802 97.753337791452395 25.011471213947516 244.15354912748444 28.860672475071624 12.508532002102582 16.111831469868775 18.665313416393474 15.412853065296074 70.342393584429374 23.448108268727083 7.5418537068180731 4.5973855040028857 4.2738855725474414 20.282539969775826 45.443654304370284 12.078832533268725 9.5353672690689546 13.832266693312706 5.7659046495100466 4.5987951004499337 100.56748397500996 7.7947939264122388 13.0907396429684 16.885465032519278 11.622020674054513 9.6321473882417177 241.67310409601487 73.227291515764591 11.900735048999193 7.1113026811508453 5.6270414832979441 28.599493853398599 11.143003799486904 10.049636483425273 44.755637881307848 34.51391188162961 136.22712686464365 11.266332987128406 30.849814989120205 39.596648714454204 5.4313490210988666 38.936742902063997 7.0736146152776227 12.523185326288511 12.812277456047012 11.267176831148392 14.191110272018703 11.748295068086007 6.0912594757392062 49.647290630282441 20.945818472770043 37.31922572653275 68.282679146837836
leaf_count=894 168 48023 133692 2400 1127 191 832 604 277 8247 595 2153 242 134 1239 187 878 893 262 301 129 606 1719 407 191 47 399 234 62 1417 205 204 1201 115 137 1174 1275 416 172 91 192 46 250 4104 501 1156 105 241 973 529 555 129 504 157 170 893 990 165 2855 875 692 1835
internal_value=1.0911e-05 -0.0104497 -0.0162218 -0.00285633 -0.00852962 0.00987886 0.00612151 0.00176717 -0.000541464 -0.00816722 -0.0108403 0.0134536 0.000960628 0.0110663 0.00384264 0.00547725 0.0035968 -0.00147448 0.0131147 0.00995048 -0.0179316 0.0115721 0.00507385 0.0140473 0.0184886 -0.00507722 0.0107927 0.00639593 -0.0257648 0.00785914 0.0109537 -0.0205152 -0.0130405 0.0173388 -0.00439781 0.0202845 0.0114663 -0.00506228 0.0129778 -0.00988095 0.0176793 0.00883501 0.000514171 -0.0184923 0.018709 0.0192818 0.00249831 0.0165197 0.0196019 0.00509915 0.0124367 0.00441196 -0.0100009 0.00479891 0.0171885 -0.0111255 -0.000805364 -0.001939 0.0059072 0.00229484 0.00697823 0.0013176
internal_weight=3022.12 1466.83 832.487 634.343 370.461 1555.29 819.652 515.287 427.861 156.122 143.047 304.365 60.2115 41.3692 271.739 255.627 236.961 154.938 82.0233 77.8842 784.678 47.809 45.294 735.638 308.731 21.6142 426.907 256.835 10.3647 246.47 197.067 18.8423 77.054 170.072 49.4038 287.117 96.9869 23.7596 87.4267 10.9562 73.2402 44.6407 33.4977 61.6411 38.7878 159.115 22.8884 77.5578 70.4465 263.882 189.272 71.3458 32.4091 19.8859 117.926 39.7717 25.5806 17.3584 258.451 176.195 126.548 89.2285
internal_count=231457 195849 135822 60027 50841 35608 26137 23213 21223 10838 10561 2924 771 376 10385 9146 8959 7377 1582 1194 133821 2001 2314 9471 1819 238 7652 6017 296 5721 3302 395 6183 1635 2419 1581 2818 1543 1990 259 750 558 512 5305 1107 1376 220 1386 1214 9186 3097 1345 790 286 1752 2282 1389 335 8657 6257 3402 2710
is_linear=0
shrinkage=0.03


Tree=28
num_leaves=63
num_cat=0
split_feature=26 182 167 62 27 160 168 57 87 42 26 47 122 92 141 91 117 91 27 136 96 135 168 95 61 174 67 29 28 11 167 108 95 70 40 180 142 85 158 176 158 82 42 135 167 139 126 96 18 172 77 32 91 181 114 57 28 150 125 85 1 138
split_gain=373.696 65.3711 66.9911 30.4896 26.8258 27.8965 33.4991 21.9637 19.3349 16.4232 15.2672 14.8631 12.5351 11.4218 12.7986 10.254 10.0726 10.046 13.0574 16.6221 14.9801 10.6836 9.94861 9.68075 9.48239 12.2989 9.69485 9.24949 10.8457 9.2122 8.84448 11.1233 8.69337 10.7768 17.6183 9.74416 8.88162 8.61686 8.53563 8.5238 8.46898 11.7879 17.9181 10.31 8.73459 8.46435 12.2465 9.76437 8.86002 8.4511 8.22863 7.96743 7.71742 8.47661 8.10585 7.59231 7.33454 7.30619 10.5942 14.496 12.2161 7.17279
threshold=0.068461876362562193 15.705420017242433 222689720.00000003 0.75560721755027782 0.14195422828197482 471.50373840332037 154266912.00000003 1.0005937218666079 0.35833333432674414 -0.026654549874365326 0.025056286714971069 1.5627925395965578 0.40164414048194891 0.81104144454002391 1.3995390534400942 0.77417889237403881 0.33920599520206457 -0.55579128861427296 0.079094760119915022 0.47824607789516455 0.66485396027565014 0.31525911390781408 19304670.000000004 -0.099864829331636415 1.1152045726776125 65.677997589111342 0.47916665673255926 -0.0067094261758029452 0.011128705926239492 0.99369290471076976 289342832.00000006 0.5000000149011613 -0.25698867440223688 0.47863252460956579 -0.029239708557724949 -0.015574594493955372 1.2199189066886904 0.32500000298023229 821.65362548828136 601.61773681640636 705.13275146484386 0.4083333313465119 -0.10725801438093184 0.25925904512405401 34965790.000000007 1.1023973822593691 0.18552059680223468 0.45377853512763983 0.97446250915527355 58.69237136840821 0.65833333134651195 0.0041966577991843232 0.59978172183036815 0.15884912759065631 0.74866202473640453 0.88737437129020702 0.0017915390781126919 0.49881194531917578 0.38308419287204748 0.72499999403953563 0.068420972675085082 0.70848673582077037
decision_type=2 2 2 2 2 2 2 2 2 2 2 2 2 2 2 2 2 2 2 2 2 2 2 2 2 2 2 2 2 2 2 2 2 2 2 2 2 2 2 2 2 2 2 2 2 2 2 2 2 2 2 2 2 2 2 2 2 2 2 2 2 2
left_child=1 2 11 8 5 6 55 13 38 -3 -11 -1 -7 14 30 29 27 -12 21 20 51 22 -19 -10 26 -26 -18 -6 -29 32 -4 -32 35 34 61 -14 -37 -24 39 -2 43 -42 -43 -36 -44 48 47 -47 -8 -38 -31 -20 54 -54 -39 -5 -50 -25 59 -59 -61 -34
right_child=3 9 7 4 16 12 45 -9 23 10 17 -13 15 -15 -16 -17 24 18 19 -21 -22 -23 37 57 25 -27 -28 28 -30 50 31 -33 33 -35 40 36 49 52 -40 -41 41 42 44 -45 -46 46 -48 -49 56 -51 -52 -53 53 -55 -56 -57 -58 58 -60 60 -62 -63
leaf_value=-0.018289254505733221 -0.011601399367692118 -0.014231323577600909 0.021295134756170814 0.0090974643863319538 0.013835958465221686 -0.025900732089674149 -0.016409493016935481 -0.021843151214024227 -0.0088913221109533629 -0.015420197385168413 0.024769999039565407 0.012092465136671376 0.025806905567256767 0.025538651070238394 -0.018743648764070454 -0.021948580454715243 0.020570630985468026 -0.0092808285619570153 -0.00042274840664439082 0.024177368088319152 0.028511442985805394 -0.010233556578278062 -0.011532648524879974 0.014312741592323323 0.017721005800002129 -0.03222522518843017 -0.0059031441932677021 -0.03675853598121244 0.0097645878183032168 -0.0054698953029306578 -0.021933288938179311 0.011497341990634621 0.0041410695225053921 0.016979998080751495 -0.004439956005805783 0.027593104772353227 -0.028352772670303464 0.025752965523812659 -0.031163578575071911 0.026234094029127967 0.016171832248427141 0.023524986085595331 -0.044595193283701554 0.025154076635820272 0 -0.020803153682735474 -0.033866637762330114 0.025578614649588174 0.0075983733186376287 0.0099251890358480668 0.01602186603430485 -0.030524101637319188 -0.023605103481475279 0.013748835865530089 -0.0044850167750835682 -0.016772664934629335 0.029256470622760797 0.019984937450764868 0.029321985602593321 -0.023211861909913471 0.018702862979275005 -0.038228280135487298
leaf_weight=872.45703379585848 13.215099886923786 72.987049836781807 31.693042040307773 10.361422726101408 19.271421421301056 8.4176450868253578 6.5281948531046501 22.551322428268577 12.453766053193247 43.407371405855883 17.511196060338989 13.971330949745605 68.674646535364445 30.032755846419604 16.556925527735075 8.3174194978382712 195.42003787907015 37.649963631637547 58.317875000488129 44.529289003898157 14.053155376197536 90.682826950891467 14.146084489264465 371.35878476241578 8.9316212988924217 7.0120973787270477 12.688421943690626 8.9123831398610509 7.5109758395701638 54.691140753449872 12.672929315114741 24.97272883541882 4.6831765095703295 76.982011841755593 14.824337395140899 9.0074629359878617 8.2216287713963556 39.20692690089345 8.7566894689007295 7.5856623286381355 16.970177152310498 6.7181705542607189 12.007866943044073 32.745643403730355 5.6591654126532367 5.3806516174227026 8.0875643055769597 10.458810554351656 30.086596077111608 10.898567692842333 21.499814452581631 8.2021991370856977 8.3905351546818583 12.056244257764773 9.4175238221650925 121.65586188162615 28.042405055079143 133.62040474008245 91.877358927464229 13.529449888090314 9.9857425893424061 11.120844351360573
leaf_count=160891 937 9025 521 475 484 225 87 3622 184 4927 243 410 421 332 1090 467 1839 2496 2308 780 224 6842 1365 4062 170 88 288 292 86 863 653 269 92 845 155 49 147 652 143 35 198 54 240 322 103 233 258 107 658 135 298 462 531 239 371 14894 220 1720 457 250 93 248
internal_value=0.000115013 -0.0105175 -0.0147644 0.0106182 0.00684499 0.00330099 -0.00512612 0.00459527 0.0154482 -0.00124954 0.00115588 -0.0177939 0.00831431 0.00990676 0.00417566 0.00918489 0.0148677 0.00323364 0.00203448 0.0096826 0.00143701 -0.00249847 0.00331664 0.0165579 0.0172159 -0.0046739 0.0189217 0 -0.0159704 0.00998302 0.00987974 0 0.0125044 0.00852865 0.00218622 0.0197732 0.00455834 0.00909426 -0.00797617 0.00262936 0.00746143 -0.00239897 -0.0155689 0.0159683 -0.0310596 0.00906353 -0.00591336 0.00934488 0.0146572 -0.00697623 0.000684851 -0.0045759 0.0134658 -0.00182575 0.0198637 -0.0146666 0.0184154 0.0170871 0.0211387 0.0161797 -0.00525351 -0.0259952
internal_weight=3009.64 1495.47 1024.91 1514.17 851.788 592.041 220.602 138.48 662.383 470.558 397.571 886.428 371.44 115.928 85.8956 363.022 259.747 354.164 336.653 125.103 80.5732 211.55 120.867 632.826 224.052 15.9437 208.108 35.6948 16.4234 354.705 69.3387 37.6457 278.514 181.711 104.729 96.8023 28.1277 83.2173 29.5575 20.8008 88.9254 41.3554 24.3852 47.57 17.667 88.5842 23.927 15.8395 64.6572 19.1202 76.191 66.5201 69.0712 20.4468 48.6245 132.017 58.129 620.372 249.013 157.136 23.5152 15.804
internal_count=231175 198253 167788 32922 25041 21794 16932 6487 7881 30465 21440 161301 4862 2865 2533 4637 3247 16513 16270 3774 2994 12496 5654 6766 2385 258 2127 862 378 4170 1443 922 3009 2257 1412 752 331 3158 1115 972 1072 595 397 477 343 1563 598 340 965 282 1161 2770 1793 770 1023 15369 878 6582 2520 2063 343 340
is_linear=0
shrinkage=0.03


Tree=29
num_leaves=63
num_cat=0
split_feature=26 175 168 174 101 42 168 174 27 86 168 179 95 27 71 142 166 54 23 160 98 29 94 127 121 96 91 131 93 17 143 169 15 178 175 140 96 96 28 166 96 145 184 146 163 154 168 95 165 128 41 107 176 142 47 50 90 176 171 52 45 119
split_gain=332.253 71.0583 47.7532 28.7665 26.7654 24.8873 17.3686 20.9925 40.6628 34.3558 18.6771 17.787 14.9909 14.4072 17.6304 14.0216 12.9772 16.7366 11.5741 11.8498 10.6341 10.5161 11.9325 10.0973 9.94609 9.83774 11.0975 12.5429 9.79091 9.49427 10.6802 9.38155 9.88868 8.77053 8.63896 8.61624 8.46151 10.2183 8.60818 8.42205 9.7642 8.35774 8.3163 8.14631 8.14082 8.10809 8.08382 8.98681 7.75174 8.42671 11.3585 7.6869 7.67329 9.81302 7.66628 8.21389 12.3313 7.57716 7.42093 14.1593 9.31346 8.04244
threshold=0.06637329608201982 18.163414955139164 188907064.00000003 65.677997589111342 0.51666668057441723 -0.026654549874365326 158958952.00000003 27.38392543792725 0.13877881318330768 0.81666666269302379 9964254.0000000019 0.038722673431038863 0.44997973740100866 0.079094760119915022 0.63327023386955272 1.0840623974800112 1022747584.0000001 1.023979187011719 0.015977804549038414 690.41726684570324 0.5000000149011613 -0.016561151482164856 0.39245499670505529 -0.0039288764819502822 0.36509890854358679 -0.25907710194587702 0.50854617357254039 1.09851610660553 0.78171488642692577 1.3321068286895754 0.52242401242256176 1.604236423969269 0.77328568696975719 0.037436749786138541 20.548489570617679 1.3914312720298769 0.55437704920768749 0.16566862910985949 0.0023871734738349919 7452515328.000001 0.4187366664409638 0.55802696943283092 15.544649600982668 0.58645501732826244 11.457771778106691 -0.073881171643733964 2985298.0000000005 0.81403815746307384 0.50248771905899059 1.2249390482902529 0.044845389202237136 0.45833332836627966 720.97842407226574 1.611726760864258 1.4298232197761538 0.90500688552856456 -0.15360826998949048 616.05279541015636 47.267744064331062 0.62134292721748363 1.1507936120033266 0.15755487233400348
decision_type=2 2 2 2 2 2 2 2 2 2 2 2 2 2 2 2 2 2 2 2 2 2 2 2 2 2 2 2 2 2 2 2 2 2 2 2 2 2 2 2 2 2 2 2 2 2 2 2 2 2 2 2 2 2 2 2 2 2 2 2 2 2
left_child=1 2 -1 6 -4 -3 7 8 9 46 29 12 54 14 -7 -15 17 36 48 21 -11 52 -23 -16 43 -21 27 35 39 -10 -31 32 41 -26 -17 -27 37 38 -5 -6 -41 -24 57 -25 58 -29 -2 -48 49 -9 -51 -46 53 -20 -12 -56 -57 -34 59 -8 -61 -60
right_child=3 5 4 16 28 13 44 18 10 20 11 -13 -14 15 23 34 -18 -19 19 25 -22 22 31 24 33 26 -28 45 -30 30 -32 -33 42 -35 -36 -37 -38 -39 -40 40 -42 -43 -44 -45 51 -47 47 -49 -50 50 -52 -53 -54 -55 55 56 -58 -59 61 60 -62 -63
leaf_value=-0.017085228468952374 0.0047458025099554758 -0.016889077460276611 -0.015890458745844604 0.0040197020198059399 0.020684093735611184 -0.014861782148892994 -0.037300684337820605 0.0084158945599415846 0.031285029721286391 -0.025570043989599514 -0.0066340047865984042 -0.038510871623721792 -0.027453444447941098 -0.027589249607597087 -0.010596681663493533 -0.015155788238316377 0.019932623972464755 0.015611194903734874 -0.028984780948844484 0.022385186323570214 0.015981150017808299 0.024318307829468026 -0.037143383637619695 -0.0128386193326191 0.013370966425556786 -0.042762805123153058 0.016223142916621365 -0.013505413951892942 0.025219752836263942 -0.013729548065854205 0.022507493481295101 0.027454092486311588 -0.021888879851107691 -0.024630615785448493 0.016242384673577137 -0.0022518041280907225 -0.031848307170608679 0.0088696660172835201 -0.04426742252514082 0.0022290799014597039 -0.04078366475687515 0.0035610022607525647 0.02283112377535252 0.017813007806443824 0.0053223541743323737 0.01747281274314846 -0.018736020766919641 0.012423320397483459 -0.029796303545524653 -0.029396415833261112 0.015185938634810752 -0.040665071382355526 0.028433955591440158 0.010544556808744037 0.024146924859541372 -0.021076924717336808 0.014850111312486806 0.019048414719391907 -0.0035335841125326015 -0.017764448666999198 0.014105040026390531 0.019066091349523105
leaf_weight=864.32295941978464 16.335249785515771 65.771814244137204 45.99376054379718 5.7323540449142438 17.484988452448306 61.998073704104172 5.1888320734724394 61.047643721736677 43.021188833547058 5.241302500900928 19.175399825078784 7.6257115921653158 9.7053644713087106 6.824744752218975 36.027492811444972 7.6400472204404641 294.1983820468995 124.25988030221197 10.559104708459932 17.680688574910164 51.813182881665853 123.15576897643768 7.8129379179590641 31.833502858809879 106.32102510960431 11.90282002874301 19.78323915268993 13.388486641793863 31.68163042049855 11.016229302258582 17.835614208539482 16.601142758096103 9.2374990033349587 4.8073580099444362 106.89154492646412 7.8953016186133018 7.4445513983228002 35.346620248223189 6.1435454091988504 31.342433746773168 4.5617858352197791 8.789289127373193 20.68607472111762 9.232348724966867 10.252194983389925 15.084956868086008 147.73653055388968 8.041036890812391 6.1205356830105293 13.088802065729398 7.2196483274456105 3.629584221111144 4.9984543598256996 10.149279437755466 37.12954087392427 11.140936013238383 28.401036656214277 5.7508774545276529 14.74585661376477 8.5497422269545478 61.935802664058428 192.35045036491647
leaf_count=159067 1022 9128 6023 66 404 8346 174 905 340 402 676 284 690 521 1936 412 1944 1015 343 104 983 1125 239 1609 3236 259 311 162 516 289 265 176 348 243 2566 81 175 417 142 1016 281 155 222 194 247 134 16694 285 161 440 95 199 17 157 214 380 533 69 130 324 1034 1278
internal_value=0.00034561 -0.0101038 -0.0145286 0.00985379 0.00231008 -1.61448e-05 0.0071809 0.00487815 0.000161247 -0.00826232 0.0105975 0.00291212 0.00626625 0.00299976 -0.00111039 0.0114386 0.0160439 0.00955793 0.00985494 0.0126184 0.0117377 0.0163285 0.0187305 0.0034579 0.00685195 0.00308151 -0.0021417 -0.0099056 0.0122554 0.0224523 0.00857451 0.00849145 0.00201103 0.0114953 0.0140089 -0.0276367 -0.00418069 0.00068885 -0.0222248 0.00418482 -0.00411162 -0.0164458 0.0108965 -0.00561662 0.0133835 0.00284076 -0.0149391 -0.0170395 0.000199867 0.00282735 -0.0134377 -0.00842468 -0.00153197 -0.00987977 0.00995987 0.0141806 0.00438348 -0.00578507 0.0144906 0.00627613 0.0100029 0.0174333
internal_weight=3007.68 1432.74 995.388 1574.95 131.065 437.348 1101.82 805.171 414.218 229.167 185.051 113.178 105.552 371.576 250.22 121.356 473.125 178.927 390.953 303.476 57.0545 217.74 192.034 188.222 152.194 85.7355 68.0548 48.2716 85.0708 71.873 28.8518 68.8778 52.2767 111.128 114.532 19.7981 54.6671 47.2225 11.8759 53.3892 35.9042 16.6022 35.6745 41.0659 296.652 28.4734 172.113 155.778 87.4766 81.3561 20.3085 13.8818 25.7068 20.7084 95.8469 76.6715 39.542 14.9884 282.771 75.6744 70.4855 207.096
internal_count=231203 195498 167307 35705 8240 28191 31946 28560 23057 19386 3671 2777 2493 19063 15564 3499 3759 1815 5503 3902 1385 2851 2334 7218 5282 1051 947 636 2217 894 554 1209 1033 3479 2978 340 800 625 208 1701 1297 394 639 1803 3386 296 18001 16979 1601 1440 535 446 517 500 1803 1127 913 417 2940 1532 1358 1408
is_linear=0
shrinkage=0.03


Tree=30
num_leaves=63
num_cat=0
split_feature=26 21 47 175 167 175 168 32 169 96 167 89 12 117 57 101 93 168 167 12 26 89 117 107 134 72 160 47 94 48 168 30 32 134 87 92 133 146 40 21 139 126 86 133 135 12 159 141 26 72 183 142 167 166 160 158 88 124 3 1 89 140
split_gain=318.605 65.149 36.3639 21.4892 43.4003 18.7205 24.1136 19.6708 24.9185 16.3202 12.3271 12.1781 12.0138 11.4231 15.6601 11.1748 10.548 13.0251 10.8641 9.68405 9.66341 12.1188 9.50729 9.0308 8.96267 8.91671 16.6124 9.55622 9.18396 8.63526 8.34944 14.3196 8.31106 8.27619 8.20185 8.16076 13.1646 8.09334 7.98424 9.23522 9.07069 7.87257 8.2703 7.93183 9.39841 7.84294 7.62488 7.43314 7.2786 10.0238 8.43605 7.29153 12.3306 10.3785 10.1139 12.2009 9.27887 7.51414 10.3553 7.19006 7.24904 7.17871
threshold=0.06637329608201982 0.97466787695884716 1.4407482743263247 17.324316978454593 222689720.00000003 30.524795532226566 158958952.00000003 -0.0060678778681904069 1.0256220102310183 -0.39201073348522181 2971541.3750000005 0.087382145226001753 0.092859823256731047 0.43349760770797735 1.2806025147438052 0.51666668057441723 0.5604989528656007 89016108.000000015 111847540.00000001 0.39233376085758215 0.089716143906116499 0.06820325925946237 0.4587045311927796 0.52500000596046459 0.1885572820901871 0.85116612911224376 274.08638000488287 1.6087073683738711 -0.48669157922267908 0.99405547976493847 531556000.00000006 -0.0015238369232974944 -0.0047411888372153035 0.20169882476329806 0.95833331346511852 0.7622923254966737 0.2248911187052727 0.47563740611076361 0.011899526696652176 0.95225000381469738 1.0411703586578371 -0.4978539496660232 -0.45000000298023218 0.2248911187052727 0.20318957418203357 0.21423816680908206 294.23937988281256 1.1198883056640627 0.079155996441841139 0.47072331607341772 -15.202630043029783 1.3700311779975893 46769710.000000007 2078712832.0000002 649.35571289062511 902.92355346679699 0.61356604099273693 0.35593250393867498 0.013135234359651806 0.072289135307073607 0.66003367304801952 1.396533787250519
decision_type=2 2 2 2 2 2 2 2 2 2 2 2 2 2 2 2 2 2 2 2 2 2 2 2 2 2 2 2 2 2 2 2 2 2 2 2 2 2 2 2 2 2 2 2 2 2 2 2 2 2 2 2 2 2 2 2 2 2 2 2 2 2
left_child=1 3 -3 4 -1 6 7 13 10 -7 45 -4 -8 14 -2 -6 17 29 48 -13 -12 22 -22 30 -17 26 27 -10 -28 -11 61 -32 -30 -31 59 36 -19 -5 39 -39 -41 43 -43 44 -16 -9 -23 -34 49 -18 -51 57 53 54 -53 -56 -54 58 -50 -27 -61 -14
right_child=5 2 11 37 15 9 12 8 25 16 20 19 23 -15 41 24 18 35 -20 -21 21 46 -24 -25 -26 34 28 -29 32 33 31 -33 47 -35 -36 -37 -38 38 -40 40 -42 42 -44 -45 -46 -47 -48 -49 51 50 -52 52 56 -55 55 -57 -58 -59 -60 60 -62 -63
leaf_value=-0.014864002773581001 -0.02859474778643328 -0.017036807923386677 -0.016560736713779219 0.014652300068709767 -0.011583796952189127 -0.017319865129038693 -0.012758611248704399 0.027844809360952971 -0.014839347880724725 0.019536385967498699 -0.019483499796394431 0.019770196724121517 0.015013039595975769 0.028590552461195136 0.016448586905651669 -0.0094944574455297654 0.016575564368835505 -0.029945910510649907 0.025307848526869649 -0.022916397401113717 -0.025150175426959121 -0.0074179217198350059 0.014938409070961027 -0.0093682748453777429 0.01795842504587861 0.021489815985682299 -0.016369003109595746 0.026835514921302244 -0.015420861228998087 0.020891848388567866 0.022318287837870696 -0.021569459009078938 0.028012931294883799 -0.013976442149471443 -0.016658802441783919 0.016190910196522801 0.012225238323806731 -0.020102188863033894 0.0057866895464608117 0.013418221804797265 -0.016654774498970428 0.015326629063361781 -0.011222183314924961 0.0112281233931577 -0.032570562894969644 -0.0065310578589025921 -0.036798976667178303 0.0075129736946024598 0.018256250272786101 -0.0021321235502526959 -0.039807921028955702 0.024694244527445629 0.0025626066202168998 0.027780586352546367 -0.038012230626355129 0.0032726478121345485 -0.038385351171389748 0.026323069063269439 -0.0139999518030393 -0.03143545416545801 0.0099749331343547826 0.027604125816874707
leaf_weight=217.46352599918646 8.9942132068099436 796.43289070286028 13.558055621786478 53.20352291870222 18.331611747379611 14.310247185174374 13.711521296492718 11.434244754083922 52.103356344479835 372.35310638714873 76.592782318257377 40.021431050688989 181.71157987693732 27.477816991158761 4.1967000113727435 11.842243713137576 9.6192837866765348 12.972017645020971 28.192829534200428 4.5070599822720387 5.4274237597128367 32.569340754525911 30.404718063804467 12.091068891637404 68.710261472107959 59.20224164229694 9.6348609908491181 4.4997741277329615 7.1579551171744233 9.5257882187142986 12.049353366252037 12.730156086647183 29.127078877558233 13.644024298992006 6.5132458976004264 17.209992751653772 11.813903760397805 26.972687852117815 129.73181933967498 24.08855956831394 13.075855717343073 125.25017423429381 10.682012236677108 15.193019532351171 10.832260672934352 10.688318435648396 10.043810163540909 37.089940640446002 22.08684815291781 12.51155448352438 8.7546203894307819 10.187294185976496 9.171429094742054 16.883144536521286 8.0101762012927811 21.762893566105049 9.2969947302190103 30.190680317988154 13.632641875650732 3.933175760103043 15.603165341446582 56.079831260693027
leaf_count=40490 424 140992 1019 1171 1310 208 650 68 5273 2583 8497 894 1535 273 120 235 176 310 338 576 497 2782 824 406 1063 869 319 59 198 73 69 180 386 210 169 206 185 1942 4120 785 967 1912 186 318 431 900 666 865 151 145 238 113 76 45 133 265 143 131 168 138 350 378
internal_value=0.000116901 -0.0101474 -0.0153649 -0.00221574 -0.00738691 0.00953858 0.00669753 0.00327633 -0.000562999 0.0134083 -0.00895718 0.00740791 0.0138245 0.0108739 0.00793094 0.00901067 0.0141285 0.0167502 0.00833204 0.0149752 -0.0119568 -0.00441725 0.00826685 0.0152039 0.0138188 0.00604749 0.00132848 -0.0110659 0.00984684 0.0184332 0.0163781 -7.4199e-05 0.0135034 0.000506078 0.0136358 0.000769482 -0.0100346 0.00439635 0.00150566 -0.00706354 0.00259964 0.0100853 0.0131517 -0.00359003 -0.018523 0.0115425 -0.0150967 0.0168576 0.00540377 -0.0075614 -0.0188681 0.0082936 0.00181984 0.00878342 0.000201654 -0.00861149 -0.0188093 0.0155082 0.0058177 0.0163569 0.000367098 0.0180982
internal_weight=2963.09 1417.94 854.519 563.42 316.348 1545.15 893.025 604.652 402.025 652.129 177.161 58.0865 288.374 202.626 175.148 98.8841 637.819 437.519 200.3 44.5285 155.038 78.4453 35.8321 274.662 80.5525 224.865 139.613 56.6031 83.0098 395.523 262.571 24.7795 73.375 23.1698 85.2518 41.9959 24.7859 247.072 193.869 64.1371 37.1644 166.154 135.932 30.222 15.029 22.1226 42.6132 66.217 172.108 30.8855 21.2662 141.222 75.3119 56.8435 39.9604 29.7731 18.4684 65.9102 35.7195 78.7386 19.5363 237.791
internal_count=231203 195564 143481 52083 43098 35639 29742 26524 22860 5897 14234 2489 3218 3664 3391 2608 5689 3567 2122 1470 13266 4769 1321 2568 1298 8626 7100 5332 1768 2866 2162 249 1449 283 1526 701 495 8985 7814 3694 1752 2967 2098 869 551 968 3448 1251 1784 559 383 1225 775 556 511 398 219 450 319 1357 488 1913
is_linear=0
shrinkage=0.03


Tree=31
num_leaves=63
num_cat=0
split_feature=26 175 167 27 137 57 30 176 22 97 139 140 99 60 87 89 175 162 138 117 174 138 38 24 158 159 176 24 115 139 95 95 120 150 164 165 159 92 12 27 144 23 41 139 92 40 174 17 89 96 117 62 144 22 81 95 28 162 95 152 142 42
split_gain=304.78 59.5401 48.3792 21.8762 20.7063 18.9344 18.3222 26.8866 16.5854 14.0751 12.6837 16.4818 12.4242 12.372 12.302 11.8757 11.6218 11.5462 11.2453 10.7778 10.7 12.8093 10.626 9.75729 9.61064 9.04935 12.6864 12.9331 14.4309 9.51407 9.20356 10.6117 9.48255 8.957 13.374 8.66882 8.31779 12.8489 8.25305 11.7881 8.69562 8.92327 8.39581 8.1418 8.01556 7.96284 7.88709 15.1409 7.67189 7.63996 7.52798 9.92372 7.44632 7.42139 7.39456 9.30579 7.34607 9.19188 7.28723 7.81286 7.20624 7.17846
threshold=0.067738655954599394 21.075225830078129 222689720.00000003 0.15447457134723666 0.5730886459350587 1.0005937218666079 0.00240261247381568 629.01303100585949 1.2192579507827761 0.46161901950836187 1.2305946946144106 1.4240128397941592 0.75000000000000011 1.0818052887916567 0.94166666269302379 0.41428370773792272 27.585123062133793 34.475828170776374 1.832020699977875 0.60038119554519664 0.69767034053802501 1.2408981919288637 -0.020897714421153065 0.036570485681295402 3789.710815429688 597.86938476562511 28.654347419738773 0.061165560036897666 0.77238336205482494 0.6643914282321931 0.51144701242446911 0.60105869174003612 0.32258044183254247 0.45016135275363928 -23.393072128295895 -0.054425461217761033 16.75634860992432 0.6900605857372285 0.084632940590381636 0.075772918760776534 0.56732270121574413 0.025255437940359119 -0.0024557851720601316 0.93732798099517833 0.49276000261306768 0.02752384822815657 61.407646179199226 1.4139617681503298 0.14284418523311618 -0.092269536107778535 0.43867926299571997 0.83938643336296093 0.36759346723556524 1.2318627238273623 0.050000002607703216 -0.02983574382960796 0.0016261303680948915 75.787132263183608 0.12757288664579394 0.48559905588626867 1.4147269129753115 0.14412105828523639
decision_type=2 2 2 2 2 2 2 2 2 2 2 2 2 2 2 2 2 2 2 2 2 2 2 2 2 2 2 2 2 2 2 2 2 2 2 2 2 2 2 2 2 2 2 2 2 2 2 2 2 2 2 2 2 2 2 2 2 2 2 2 2 2
left_child=1 2 53 4 10 56 7 50 -9 19 12 22 24 52 17 23 -11 18 -13 44 43 -22 -12 -6 25 26 29 28 30 -2 32 -32 -28 -34 -35 -24 37 48 39 49 41 46 -43 -17 -8 -18 47 -41 -31 -27 -3 -52 -5 -1 -37 -56 -4 -58 -29 60 -60 -19
right_child=3 6 5 13 15 -7 9 8 -10 16 11 14 -14 -15 -16 20 45 61 -20 -21 21 -23 35 -25 -26 38 27 58 -30 36 31 -33 33 34 -36 54 -38 -39 -40 40 -42 42 -44 -45 -46 -47 -48 -49 -50 -51 51 -53 -54 -55 55 -57 57 -59 59 -61 -62 -63
leaf_value=-0.016246780675990675 -0.014022939843218018 0.031167464754322725 -0.012863617533360889 0.0042080903850125282 0.0092241653689364364 -0.021846077449612339 0.015323944543921454 -0.014850675398127657 0.022075422062235547 -0.031507900065646077 0.016504375538079298 -0.020067881586626778 0.021930723529361314 -0.011814513193106514 -0.029562439152269308 0.02618886706545933 -0.012608104940214443 0.019094346221560806 0.024779341709489117 -0.012623191409956552 -0.024989719041206972 0.0057360833123895555 -0.03332815753922707 -0.008227128865531513 -0.016933567465573743 0.011509194916147302 0.021514477610860009 -0.013979275083613015 -0.042285789547212564 0.0056458485943088593 -0.040348709014647273 -0.0028449573695345899 -0.019329255107885253 0.023878857937491844 -0.0036179545933737725 -0.032567727429831696 0.024412448330283477 0.016171577586618396 0.018274783606431901 -0.028300327517711461 0.023790794803922891 -0.033427898450374957 0.0063034796654622043 -0.012054305163606543 -0.01226551962234238 0.015055137880095024 0.021782850473671768 0.028316015566730818 -0.043561051516454306 -0.042542166121221046 0.021730636519220466 -0.022043050233879511 0.017570816391442815 0.011658659322797972 -0.0269630878289061 0.010271620465172979 0.013858007218016822 -0.01759152129402293 -0.01974428650341772 0.030456300815865672 0.014658227283871492 -0.0040213380834236648
leaf_weight=909.09216264810993 8.5776809150120226 16.491397924868579 12.093966462437491 43.277827376528876 97.923967013965012 21.40213428820789 130.98853886629149 139.87341319086045 10.931627801852299 12.374270135076584 10.163406931278585 17.037720096588604 84.189055760296469 13.899794351658782 6.1825488594986373 10.088039189809935 17.668253773757897 78.821129710966488 5.990927717240992 15.04774534612079 43.119282724135701 16.235768470869516 16.258969168722615 39.647172666984261 11.112350969982797 2.9694721217965707 21.228005852128263 6.4924517078125055 6.6792907112976527 4.7233442172873747 8.7512990878676629 23.596624028517908 17.02201612780118 21.152608815333224 55.453693286859561 6.9439002706931197 61.340102546299022 31.042543696632492 167.58022529134178 9.2784383486869029 28.326720820507035 8.5470677725970763 8.8622283805962052 8.2017861508065817 9.3604405767473491 17.760930886797723 24.156858814763837 6.2449550796300164 5.2060772272525355 5.7036623153908277 9.7331328411746671 7.2246512219790011 368.31271793438646 7.8678077912772997 7.2950135479331939 21.22390604052271 91.108279172916809 8.2672260510153119 6.0820578666753162 23.523617273691343 23.334033539067605 13.638876730285117
leaf_count=166436 187 192 930 624 4172 3688 3436 16023 78 628 196 584 925 326 131 115 1173 1321 52 789 3746 711 704 1909 165 66 341 418 185 197 687 1224 854 123 4020 221 626 285 1141 244 234 180 96 247 720 339 177 15 236 251 297 786 3285 291 274 568 1658 267 259 410 655 426
internal_value=4.10904e-05 -0.00983535 -0.0135418 0.00947268 0.0071859 0.00333587 0.000208651 -0.00661559 -0.0120264 0.0064134 0.00925656 0.00222219 0.0111417 0.0152393 0.00862617 -0.00112443 -0.00766991 0.0109325 -0.00773028 0.0107863 -0.0104419 -0.0165796 -0.0102578 0.00415008 0.00958103 0.010117 0.00671634 0.00239587 -0.00219229 0.014905 -7.97871e-05 -0.0139867 0.00389796 -0.000249609 0.0041457 -0.0157868 0.0174716 0.00667465 0.0142774 0.00700903 0.010484 0.00353387 -0.0137959 0.00914793 0.0133889 0.00120994 0.0113631 -0.00500714 -0.0215044 -0.0244495 0.0173329 0.00272536 0.0161866 -0.0159916 -0.0069687 5.47564e-05 0.00834873 0.0110626 0.014165 0.0178674 0.00703127 0.0156459
internal_weight=2942.73 1437.29 1049.83 1505.44 1079.95 132.872 387.454 184.254 150.805 203.2 864.733 183.556 681.176 425.49 121.671 215.216 47.8035 115.489 23.0286 155.397 77.6449 59.3551 61.8852 137.571 596.987 585.875 324.205 213.316 153.884 110.89 147.204 32.3479 114.856 93.6283 76.6063 51.7218 102.312 40.972 261.67 94.0894 85.4163 57.0895 17.4093 18.2898 140.349 35.4292 39.6803 15.5234 9.92942 8.67313 33.4492 16.9578 411.591 916.96 35.4628 28.5189 111.469 99.3755 59.4322 52.9397 29.4161 92.46
internal_count=231544 197731 173270 33813 29578 6543 24461 17376 16101 7085 18678 4477 14201 4235 2514 10900 2140 2383 636 4945 4819 4457 1963 6081 13276 13111 10707 9176 7434 1531 7249 1911 5338 4997 4143 1767 1344 718 2404 1263 946 712 276 362 4156 1512 436 259 433 317 1275 1083 3909 166727 1063 842 2855 1925 1742 1324 914 1747
is_linear=0
shrinkage=0.03


Tree=32
num_leaves=63
num_cat=0
split_feature=26 71 175 168 32 160 168 19 27 56 123 53 96 140 107 138 77 169 176 133 26 97 91 141 117 138 39 96 24 169 26 91 66 162 31 185 150 126 101 7 52 97 28 166 140 166 1 138 120 95 24 168 107 46 91 185 168 131 140 117 139 29
split_gain=285.638 58.393 28.0443 35.6665 27.3022 19.3453 29.2446 17.4726 18.3401 14.072 12.1112 11.6013 11.0805 11.0071 11.0273 10.4297 9.97465 11.0969 10.3453 9.66791 9.66625 9.83058 15.8406 8.69511 8.50042 8.45398 15.5511 8.62513 8.44141 8.42962 8.42802 8.38532 8.36565 8.21785 8.84519 13.0443 8.18429 9.95708 16.5291 11.4952 9.97004 13.9216 9.46372 8.9065 8.13852 8.01352 12.2927 7.83302 8.83448 11.2977 7.80924 9.59718 7.76852 12.4024 9.46055 7.68849 12.4041 7.39574 7.34507 7.33005 7.24721 7.19111
threshold=0.06637329608201982 0.63779622316360485 17.324316978454593 188907064.00000003 -0.0065502109937369815 471.50373840332037 103353004.00000001 0.96835348010063182 0.14953646063804629 1.1797111630439761 -0.77272525429725636 1.0309867262840273 0.22606198489665988 1.6815224289894106 0.4916666597127915 0.53427109122276317 0.67500001192092907 1.1933529376983645 1173.6021728515627 0.085278362035751357 0.082571636885404601 0.53626850247383129 0.65937474370002758 1.0281651020050051 0.62768086791038524 0.67742508649826061 0.04080555401742459 -0.037499655038118355 0.034824550151824958 0.88731932640075695 0.08669751882553102 -0.58257937431335438 0.90833333134651195 75.787132263183608 0.0043956409208476552 -0.26598300039768213 0.41891147196292883 0.34197470545768743 0.51666668057441723 -0.0045888139866292468 0.60453212261199962 0.23877269029617312 0.014042127877473833 1125566656.0000002 1.1069958209991457 3713827968.0000005 0.040029522031545646 0.61790272593498241 0.63353762030601513 -0.30440197885036463 0.085940703749656691 164001056.00000003 0.59166666865348827 1.3908966183662417 -0.43752473592758173 -8.0608801841735822 27083631.000000004 0.81765389442443859 1.1583662033081057 0.50358030200004589 0.98455354571342479 0.018264289014041427
decision_type=2 2 2 2 2 2 2 2 2 2 2 2 2 2 2 2 2 2 2 2 2 2 2 2 2 2 2 2 2 2 2 2 2 2 2 2 2 2 2 2 2 2 2 2 2 2 2 2 2 2 2 2 2 2 2 2 2 2 2 2 2 2
left_child=1 4 3 -3 10 6 7 9 24 23 -1 -12 31 14 -10 30 17 29 61 -8 21 55 -23 -2 -9 -21 27 -27 59 -14 -7 -4 -5 34 35 -34 42 38 45 40 -40 -42 -22 57 -41 52 -47 -16 -49 -50 -29 -52 -38 54 -54 -17 58 -39 -57 -19 -25 -18
right_child=5 2 12 32 -6 15 19 8 13 -11 11 -13 16 -15 47 20 18 28 -20 25 36 22 -24 60 -26 26 -28 50 -30 -31 -32 -33 33 -35 -36 -37 37 43 39 44 41 -43 -44 -45 -46 46 -48 48 49 -51 51 -53 53 -55 -56 56 -58 -59 -60 -61 -62 -63
leaf_value=-0.026482899658144408 -0.019706175504376509 -0.013957689287862956 0.017830519890320709 -0.013896876044826695 -0.016574008081151365 0.010839446408188994 -0.01701022241466597 -0.01633996657278591 -0.020909277318213331 0.031740326638770015 -0.0069633296262540398 0.025308477282091957 -0.004166330228827033 -0.030930326979366086 0.023959005884090091 0.012857971816800566 0.00079252613959783979 -0.038029213153859577 -0.016475391404361772 0.01959796522938265 0.011146518034949999 -0.041097599696516315 0.011063471240001463 0.015838069029732459 0.0085363601173406092 -0.014852116022190335 -0.018923147741166449 0.01382915258882993 0.01061825100312809 0.023821129954516584 -0.014672448478938655 -0.013888419735916618 -0.026437608100229028 -0.023131432691036867 0.029785378372949825 0.012888814552825523 0.020394504289891594 0.022443010598114405 0.020104220986725697 -0.0031239933765508151 0.019868867233494264 -0.029340133075787315 -0.023619748833709715 0.025136854752978277 -0.036674477775948067 0.018599784408617381 -0.032856781310432057 0.016860570240907216 0.018188381584466173 -0.018878108785045603 0.015945878294047158 -0.042020415654269637 -0.029628113874750353 0.021889166287557972 0.0051692388780777412 -0.010517960338377732 -0.024498380450290069 -0.0055788169379556917 0.017269775808655886 0.005655708535166574 -0.00076272313998155899 0.022982608242789249
leaf_weight=7.3388785542629185 11.559233545907771 260.47126328260265 8.236986665055154 13.337148756600071 739.65343960128348 22.260387577283836 9.4657058576121909 109.64566207191092 10.603930034369112 18.258967341182142 15.438709277601445 25.280379426376385 10.751308698148931 6.6387583100586189 25.092047794256359 150.5187563685904 54.204224967776099 6.87821876880116 23.029628464340931 101.70979533623904 20.507413246603395 8.429686222807506 10.933963716692231 42.549135223962367 13.128218617632227 9.9417030456243065 15.612628850663894 195.33148949394672 22.013564720875365 67.761018088705896 22.308338797287433 39.379147513740463 7.9523743645258937 5.0031925510556894 20.747648435120936 49.101623959140852 205.27199690206908 14.511146545293739 31.096208257833496 23.046404251595963 8.549756604246797 10.305107024731113 9.4785376908257586 139.66289301516372 8.3246845907560765 8.2864242804935184 6.5881765189114949 25.087609331181739 10.117329378728753 21.16004821861134 4.1712137788999808 4.238609378982801 8.6603643598500621 29.692811379034538 24.762683383960393 11.769375651609151 13.275291400299464 17.743888097524177 25.198120671222568 5.5675494414972491 50.941181888243591 16.516853157663718
leaf_count=321 747 48071 48 1220 133585 458 183 14570 493 158 1304 416 550 233 338 1836 2266 429 1503 1304 183 236 196 1076 609 362 330 2851 509 1444 429 2131 435 171 221 832 1200 96 165 227 87 261 145 586 206 146 165 320 148 574 86 116 145 144 313 303 504 154 323 195 2468 144
internal_value=1.80773e-05 -0.00975545 -0.00278218 -0.00820385 -0.0151498 0.00903502 0.00528371 -0.000868972 -0.00590804 0.00813226 0.00660057 0.013127 0.00481026 0.00368064 0.00651431 0.012114 0.0078198 0.0137833 0.000532305 0.0115074 0.0129136 0.00749858 -0.0123999 0.00373998 -0.0136082 0.0123807 0.00909508 0.0112348 -0.000341081 0.0199467 -0.00190615 -0.00808584 0.00733698 0.0109179 0.0134113 0.00699472 0.0149956 0.0158466 0.0129525 0.000974464 0.00987847 -0.00699831 -0.000153865 0.0218564 -0.0129776 0.0163652 -0.00463618 0.0103309 0.00389991 -0.00660319 0.0125887 -0.0143115 0.0175532 0.00809153 -0.00435885 0.00948461 -0.000616548 0.00723343 0.00829994 -0.0192967 0.00684851 0.00626502
internal_weight=2915.1 1398.66 610.952 356.613 787.711 1516.44 685.253 344.782 221.474 123.309 48.058 40.7191 254.339 98.6997 92.061 831.182 206.722 112.972 93.7507 340.471 786.614 220.125 19.3636 105.05 122.774 331.005 229.296 213.683 34.4593 78.5123 44.5687 47.6161 96.142 82.8048 77.8016 57.054 566.488 536.503 364.585 81.3222 49.9511 18.8549 29.986 171.918 31.3711 283.262 14.8746 81.457 56.365 31.2774 203.741 8.40982 268.388 63.1159 33.423 200.762 50.2428 32.255 36.9675 12.4458 93.4903 70.7211
internal_count=231269 195795 60169 50950 135626 35474 26966 21734 17285 4449 2041 1720 9219 2106 1873 8508 7040 3127 3913 5232 7621 3398 432 4291 15179 5049 3745 3415 1133 1994 887 2179 2879 1659 1488 1267 4223 3895 3059 946 513 348 328 836 433 2113 311 1380 1042 722 3053 202 1802 602 458 2966 1130 250 626 624 3544 2410
is_linear=0
shrinkage=0.03


Tree=33
num_leaves=63
num_cat=0
split_feature=26 71 47 25 167 160 19 27 142 142 117 163 168 123 47 162 148 171 27 142 160 92 88 52 162 149 181 160 3 138 160 91 77 90 52 96 50 118 54 134 151 138 167 30 164 174 92 96 27 13 96 142 42 17 169 166 134 166 3 142 166 142
split_gain=286.8 49.0927 28.0099 20.902 19.6745 35.8914 15.5688 13.6829 13.5021 12.4992 14.4561 13.3677 17.5799 12.0113 11.8802 11.6348 11.4032 11.4546 11.2641 10.7786 17.4782 10.4295 14.1908 12.0008 14.3677 11.191 10.5432 13.7721 10.3209 9.29758 9.09477 11.5139 8.7854 8.57349 16.4968 11.1242 8.87572 8.50589 12.7041 9.74712 8.55468 8.23327 7.92583 7.91338 10.3779 7.90657 7.8808 20.436 9.09391 8.81567 11.713 13.4747 12.9374 8.035 7.96108 10.5557 9.74664 11.8626 8.83006 8.5949 8.49989 8.27197
threshold=0.06637329608201982 0.67602866888046276 1.4407482743263247 0.065547205507755293 222689720.00000003 456.73466491699224 1.0545880794525149 0.14195422828197482 1.58545458316803 1.6953859329223635 0.6692863702774049 1.562074661254883 6061912.0000000009 0.1949691325426102 1.0376619696617129 25.295650482177738 0.93020719289779674 92.274353027343764 0.14536233991384509 1.2982047200202944 114.7378387451172 0.84869089722633373 0.30920097231864935 0.64714238047599804 65.644199371337905 0.44288957118988043 0.098100673407316222 500.52557373046881 0.023082654923200611 0.76665747165679943 1457.0206298828127 -0.24536170065402982 0.69166666269302379 0.65857875347137462 0.69818881154060375 0.25894311070442205 0.90192911028862011 0.91428592801094066 1.0753247141838076 0.23600990325212481 0.48836238682270056 1.4116852879524233 53177684.000000007 0.0023462020326405768 -5.1373732089996329 10.330217838287355 0.28693704307079321 0.029555539600551132 0.16036061197519305 1.0015085339546206 0.64168062806129467 1.2299938201904299 -0.11591463536024092 0.77908372879028331 1.0126759409904482 4666407936.000001 0.25584828853607183 2895789824.0000005 0.0067796888761222371 1.1003791689872744 10553350656.000002 1.4767007827758791
decision_type=2 2 2 2 2 2 2 2 2 2 2 2 2 2 2 2 2 2 2 2 2 2 2 2 2 2 2 2 2 2 2 2 2 2 2 2 2 2 2 2 2 2 2 2 2 2 2 2 2 2 2 2 2 2 2 2 2 2 2 2 2 2
left_child=1 2 43 6 5 -3 7 21 45 15 11 12 18 28 42 37 17 46 -11 20 -9 22 26 25 30 -24 27 -2 -13 -22 31 -25 -23 35 -35 36 -16 38 -5 -39 -41 -36 -7 -1 -45 -4 48 -48 49 50 51 53 -53 -17 55 56 57 58 -49 -60 -57 -61
right_child=3 4 8 9 -6 14 -8 19 -10 10 -12 13 -14 -15 33 16 -18 -19 -20 -21 29 32 23 24 -26 -27 -28 -29 -30 -31 -32 -33 -34 34 41 -37 -38 39 -40 40 -42 -43 -44 44 -46 -47 47 54 -50 -51 -52 52 -54 -55 -56 60 -58 -59 59 61 -62 -63
leaf_value=-0.017188154845859224 -0.011772288530814592 -0.014338332831376338 -0.014745751436759807 0.0047220018633841654 0.0087304688238713651 -0.01419475577978853 -0.015797120124671146 -0.038514604868624437 -0.023354677911059375 -0.045488423839334421 0.016989915856127566 -0.011548056634991319 0.010560388830743762 -0.026267695900003777 -0.019075598042706428 -0.0090308238892914654 -0.014549053928616903 -0.019387914169686077 0.016270891152214324 0.018247108154256168 -0.016768425373807905 -0.013129029623161322 -0.05806135815599768 0.0056074258747785509 0.015641126659881502 -0.0076334019677585935 0.024284376163057321 0.01028208341060965 0.020554191164354366 0.015887436010878785 0.014471039939281234 -0.019428168574224879 0.026438618885339396 0.027755839406357553 -0.034520751294061611 0.016464270532337618 0.010873722931328999 0.025176847443197928 -0.048460376467003338 -0.041714913123189153 0.011593295244700251 0.0082471373404515713 0.0057214192098154421 0.014550161225644731 -0.011937947442121084 0.017977325393327286 -0.016087847258402305 0.01267536412024981 0.025614136065098735 0.019448729153314696 0.03018673601153669 0.025914083848612528 -0.018871568238775185 0.023695041185403554 0.017237111497835141 -0.021613257382913972 0.018122843693288745 0.022632657126699467 0.01250317673116211 -0.038897517629590012 0.011501904348366534 0.0025750058094725012
leaf_weight=667.48509305850257 38.248483035138634 216.64592367667046 7.0645872826680707 8.2148744380101544 104.9551247211748 47.665085895627271 32.947361036684015 7.3654172489768817 10.606087713462328 7.8361529502690228 68.913553319172934 22.814988640961019 106.84837057626282 24.402741218276788 16.190050218705437 8.4032272925542184 11.540578626736531 8.0071139070205373 3.1081809801980853 100.31751540610276 9.1220609066076559 5.6206054596405037 6.5820221816684343 21.867571119189961 25.845136886759065 9.37944745549248 23.74891373079663 71.512045927607687 13.494459312882098 34.343536319196573 11.778459714041672 60.489152218218806 23.042440108394658 7.306165449612311 13.325287225776266 89.182989653665572 17.438204907353793 12.339538269443439 6.5090914467291432 4.0958607777720299 4.9494582720944891 5.0430346028933846 27.56151450996731 14.454732039157532 96.490644258446082 39.440029837234761 21.177073510014452 12.123489358811637 107.32482104026712 136.13295085078062 14.906934375176204 6.1555595402023746 30.470944724398578 24.642820864653913 226.43426610262759 16.29532729275525 83.814493736901568 15.865421280963345 5.841931618935635 13.598805460031146 10.741071836731861 5.7977338765631421
leaf_count=124296 3955 40963 1104 140 2544 3343 1869 351 813 335 653 1398 2397 1224 879 170 412 162 44 1221 196 335 172 961 501 267 364 1096 312 293 220 4767 334 67 767 2547 748 233 370 147 175 185 1096 659 15120 558 779 277 507 2055 54 38 809 413 2471 515 1554 172 152 324 269 130
internal_value=8.19412e-06 -0.00989159 -0.0144583 0.00897474 -0.00287523 -0.00566165 0.00378987 0.00526487 0.00569652 0.0113635 0.00542343 0.000871594 0.00676659 -0.0104415 0.00275403 0.0131984 0.0139898 0.0144531 -0.0278039 0.0125887 0.001227 0.00151189 -0.000334619 -0.00714202 -0.003741 -0.0308023 0.00657606 0.00253277 0.000533512 0.00874355 -0.00920244 -0.0127571 0.0183975 0.0076679 -0.00780286 0.0109633 -0.00359298 -0.00329121 -0.0201845 0.0085883 -0.0139965 -0.0228043 -0.00687918 -0.0159463 -0.00836095 0.0127374 0.0148492 0.0120044 0.018363 0.0147238 0.00694548 0.00157363 -0.0107763 0.0152643 0.0135727 0.00842366 0.0118031 0.00164579 -0.00754555 -0.017486 -0.0084092 -0.0268356
internal_weight=2905.87 1380.85 835.541 1525.01 545.313 440.358 482.21 449.263 57.1107 1042.8 247.418 178.505 117.793 60.7122 223.712 795.383 759.275 747.734 10.9443 151.149 50.831 298.114 269.451 135.942 119.98 15.9615 133.509 109.761 36.3094 43.4656 94.1352 82.3567 28.663 148.486 25.6745 122.811 33.6283 36.1088 14.724 21.3849 9.04532 18.3683 75.2266 778.43 110.945 46.5046 739.727 411.69 328.037 220.712 84.5795 69.6726 36.6265 33.046 390.513 164.078 137.042 53.2274 37.362 25.2385 27.0364 19.3965
internal_count=231282 195689 142550 35593 53139 50595 16902 15033 2475 18691 6363 5710 2776 2934 9632 12328 11263 10851 379 2061 840 12972 12303 6888 6449 439 5415 5051 1710 489 5948 5728 669 5193 1019 4174 1627 1065 510 555 322 952 4439 140075 15779 1662 10689 6643 4046 3539 1484 1430 847 583 5864 3393 2609 1055 883 606 784 454
is_linear=0
shrinkage=0.03


Tree=34
num_leaves=63
num_cat=0
split_feature=27 21 25 178 71 160 168 175 90 168 178 96 160 139 168 157 160 137 60 96 89 40 138 120 32 66 46 164 29 27 27 10 30 139 96 178 95 162 27 50 24 4 152 18 96 174 164 117 131 176 92 11 163 138 138 142 87 91 41 112 144 4
split_gain=208.24 77.958 42.5157 23.8659 20.7578 23.4762 17.5972 25.5837 17.4331 15.6623 15.3011 12.3735 16.1462 13.8389 12.3236 11.8939 11.3436 11.1517 13.2396 11.0685 10.9189 10.9017 10.6671 10.6128 9.74657 9.61814 9.47985 13.2756 9.3476 9.92996 11.1082 10.5148 9.34198 9.12395 10.0578 8.98543 8.97377 12.8724 8.90567 8.82635 9.91403 8.73417 9.28437 8.43027 8.33647 8.19537 9.57241 11.6586 8.18956 9.04978 14.1294 7.92204 10.0423 7.49152 7.63552 7.25835 7.32978 7.09061 6.92969 7.5392 6.91799 7.80708
threshold=0.078009761869907393 0.98278146982193004 0.065547205507755293 0.035622369498014457 0.83877527713775646 471.50373840332037 145414144.00000003 18.163414955139164 0.69742166996002208 3261905.3750000005 0.024050841107964519 -0.11848284304141997 513.82882690429699 1.2259469628334048 26427139.000000004 0.042697980999946601 636.13653564453136 0.43864209949970251 1.0283914208412173 0.18479494005441668 0.75931876897811901 0.013664579484611751 1.3536298871040346 0.52760735154151928 0.002838145825080574 0.94166666269302379 1.2455136775970461 -23.393072128295895 -0.010622588917613028 0.13305434584617618 0.096025813370943083 1.0293639898300173 0.0019161908421665432 1.0953934788703921 0.5097656548023225 0.03970680199563504 0.41601690649986273 48.797681808471687 0.17580016702413562 0.90083780884742748 0.020199313759803775 0.11764592304825784 0.47302098572254186 0.9608706831932069 -0.39201073348522181 2.6849499940872197 -2.9395207166671748 0.59694629907608043 0.645378738641739 2199.159057617188 -0.022844525985419747 0.98151510953903209 0.46437747776508337 0.75395658612251293 0.53427109122276317 2.0000956058502202 0.95833331346511852 -0.14267320930957791 0.015820751897990707 0.17500000447034839 0.55596891045570385 0.53731375932693493
decision_type=2 2 2 2 2 2 2 2 2 2 2 2 2 2 2 2 2 2 2 2 2 2 2 2 2 2 2 2 2 2 2 2 2 2 2 2 2 2 2 2 2 2 2 2 2 2 2 2 2 2 2 2 2 2 2 2 2 2 2 2 2 2
left_child=1 3 4 6 5 15 7 -1 16 10 -4 13 -13 44 -5 38 -9 48 20 -6 25 33 32 -15 -16 41 -3 -28 35 30 -30 -32 -18 34 58 -14 -31 -38 45 40 -34 53 -43 -27 -7 46 -2 -48 60 -50 -51 52 -23 54 -19 56 -21 -20 59 -8 61 -11
right_child=2 26 9 14 19 11 21 8 -10 17 -12 12 28 23 24 -17 22 18 57 55 -22 51 -24 -25 -26 43 27 -29 29 36 31 -33 39 -35 -36 -37 37 -39 -40 -41 -42 42 -44 -45 -46 -47 47 -49 49 50 -52 -53 -54 -55 -56 -57 -58 -59 -60 -61 -62 -63
leaf_value=-0.013632563953668129 0.017402770814342008 -0.01722144111544277 0.01095928035270863 -0.0089693786300697586 -0.023451419806871342 -0.0049144865978711294 -0.016670094315625786 0.019299209580257548 -0.024592731923234142 -0.022846899720386546 -0.040862388433418079 0.021611425035496897 -0.032201422217409736 0.019199536211833169 0.018416447303824645 0.0051787186027644804 -0.018635396723538065 0.0089610202864490434 -0.03508469659923294 0.01910307239659096 -0.014193989991509217 -0.022390632406063937 -0.026629140535516845 -0.037029011034305115 -0.016956124549777418 0.013712100196706581 0.019921298794479816 -0.01464179717541004 0.003452098704080218 0.017540638885769913 -0.02890831427926497 0.0020831688556385572 -0.022780353529817863 -0.021946163892398195 0.020681316579969921 0.013526474034592447 -0.043345798191902991 0.0082838269996128883 0.0056669060869845985 0.015403087789123002 0.0057076860147072077 -0.0055520261333008216 0.01709360809008529 -0.02596522163428687 0.024806802409637032 -0.017812552858777652 -0.016109548060698902 0.01092097230132757 0.01769132055326323 0.022395843154836465 -0.020017170000769878 0.021788364695356631 0.014946878394590758 0.0077765262039071765 -0.041734829428941793 -0.017272412697946306 -0.011691567452939209 -0.0020342643882688477 -0.032475017138923812 0.01571960622418056 0.01058726845481133 0.017834444465056318
leaf_weight=238.41549372819645 13.067249616462503 599.53564827706032 9.5806670041783963 21.964333445161174 6.1152910841992698 9.4002102561062184 11.0702388566715 35.460004206863232 19.824618853352149 11.652739872355598 9.1303619329119083 29.311351539683528 14.68894620111678 4.1730279822368157 85.266301314288285 57.585936659161234 14.502467773127135 3.8032179143192462 5.8791090163103936 98.992739618770429 14.765267199996741 9.5654817539398227 10.994936334129305 6.4928512703045271 6.7718987653352078 7.4634469674492747 14.568456217646597 26.915794586479024 51.191395987079886 41.204903479083441 25.173453249892191 15.32108348989277 14.132481212400306 16.494267829741148 17.691754801246134 4.3990123107214449 5.1216113416012403 14.007958136236992 27.737015784252435 48.896265761046379 39.069468689878704 17.061709783854894 199.48493844466429 10.291786793022764 57.383949153329013 107.3232017134942 57.34169980111983 18.129464580328204 416.28644099633311 12.15964025584981 14.269374232564585 41.12952133489307 15.766388001793528 24.480925612617284 5.7286810523364693 4.9901155507322974 6.7035904806398312 41.497223413636675 6.4065339284716165 12.919451342604587 107.50593460262462 5.4318180602276689
leaf_count=43458 404 111277 185 1768 468 252 786 673 1342 328 375 605 673 56 2079 3428 1181 108 263 1937 903 663 922 262 300 70 254 3299 2560 466 1636 529 694 1408 604 105 150 256 698 1206 1277 331 3437 185 736 16123 8280 1113 4738 56 175 752 273 558 243 216 222 1527 321 201 1590 54
internal_value=6.66193e-05 -0.0088012 0.00735026 -0.00160557 0.00163279 -0.000772449 -0.00419169 -0.00717768 0.00124942 0.011557 -0.014966 0.00539602 0.00141849 0.0155013 0.0108255 -0.00687635 0.00454039 0.0121292 0.00769148 0.0130794 0.0101492 0.005367 0.000297271 -0.0150124 0.0156273 0.0115477 -0.0162622 -0.00225009 -0.00212866 0.00039091 -0.00578794 -0.0173428 0.00306667 -0.00335903 0.00327247 -0.0213649 0.00977066 -0.00685672 -0.0100036 0.00632928 -0.00208515 0.0130669 0.0152782 -0.00928499 0.0205683 -0.0122556 -0.00536236 -0.00951922 0.0146907 0.0166129 -0.000289052 0.0138149 0.000419163 -0.000960378 -0.0222921 0.0153164 0.0170306 -0.0068381 -0.00710057 0.000584092 0.00775866 -0.00947593
internal_weight=2899.69 1307.36 1592.33 666.342 675.856 559.054 552.339 421.296 182.88 916.473 18.711 277.87 200.42 77.45 114.003 281.185 163.056 897.762 330.456 116.802 283.08 131.044 127.596 10.6659 92.0382 268.315 641.02 41.4843 171.108 152.02 91.6859 40.4945 116.601 64.5822 48.088 19.088 60.3345 19.1296 223.599 102.098 53.2019 250.559 216.547 17.7552 66.7842 195.862 88.5384 75.4712 567.306 442.715 26.429 66.4614 25.3319 34.0128 9.5319 110.686 105.696 47.3763 30.3962 23.9897 124.59 17.0846
internal_count=231039 174738 56301 59908 41175 38332 55761 50753 7295 15126 560 8286 6980 1306 4147 30046 5953 14566 7625 2843 5835 5008 5280 318 2379 4932 114830 3553 6375 5597 4725 2165 4358 3320 1912 778 872 406 26618 3177 1971 4677 3768 255 988 25920 9797 9393 6941 4969 231 1688 936 909 351 2375 2159 1790 1308 987 1972 382
is_linear=0
shrinkage=0.03


Tree=35
num_leaves=63
num_cat=0
split_feature=26 21 175 168 57 102 115 168 137 46 166 166 161 88 170 83 177 139 160 115 26 178 176 178 175 25 25 87 91 159 61 91 109 15 97 107 113 177 60 134 164 84 147 171 182 21 116 72 20 97 169 169 129 183 90 176 11 57 177 26 116 91
split_gain=255.259 54.1934 23.4239 31.4726 22.9394 18.5296 13.9387 14.0868 16.8111 13.5443 13.3462 14.7511 10.993 9.96637 9.87693 10.5786 9.45245 11.6915 10.7445 13.3671 11.595 9.44999 12.0978 10.0216 9.33681 9.17763 9.83683 9.40764 11.143 10.7617 8.7747 12.7459 14.3162 10.9031 11.4443 11.4186 9.78101 8.3158 10.516 8.00266 7.94028 11.2388 7.82382 9.00767 7.7887 8.25827 7.77097 7.69507 13.0215 7.68566 8.84192 13.041 7.56521 7.20022 7.1478 9.72625 7.07539 6.85052 6.84682 6.81305 6.79449 9.24753
threshold=0.06637329608201982 0.97466787695884716 17.324316978454593 188907064.00000003 1.2531825900077822 0.52500000596046459 0.78288713097572338 181182464.00000003 0.59970495104789745 1.2732483744621279 4380934656.000001 6565940224.000001 8.8157815933227557 0.62401074171066295 60.189254760742195 0.70000001788139354 0.040400888770818717 1.1283464431762698 471.50373840332037 0.26470611989498144 0.1120143309235573 0.037943959236145026 642.86239624023449 0.010740871075540783 0.89195379614830028 0.036036800593137748 0.090644016861915602 0.25833334028720861 -0.65913936495780934 513.80438232421886 0.78172305226326 0.017521617934107784 0.45000000298023229 0.65970441699028026 0.29681456089019781 0.42499999701976782 0.66474825143814098 0.025068826042115692 0.97905710339546215 0.22570890188217166 -9.8296241760253888 -0.15000000223517415 0.50458481907844555 25.476874351501468 60.082550048828132 0.94905161857604992 0.66085451841354381 0.59148222208023082 0.86101385951042186 0.11799620836973192 0.95419636368751537 1.0882579088211062 1.5282049775123598 11.69383478164673 0.30151788890361791 752.92645263671886 0.97004422545433056 1.2727822065353396 0.028828048147261146 0.1266053840517998 0.65779796242713939 0.34468449652194982
decision_type=2 2 2 2 2 2 2 2 2 2 2 2 2 2 2 2 2 2 2 2 2 2 2 2 2 2 2 2 2 2 2 2 2 2 2 2 2 2 2 2 2 2 2 2 2 2 2 2 2 2 2 2 2 2 2 2 2 2 2 2 2 2
left_child=1 2 3 -1 -3 6 7 8 13 52 -9 -12 -13 16 -5 -16 17 18 19 -2 39 22 -4 -24 -14 -19 27 28 -27 -30 33 -32 44 34 -7 36 -36 -6 -39 -21 -11 -42 -18 -44 -33 -46 -23 49 -49 50 57 -52 -10 -45 -20 -56 -8 -15 -53 -26 61 -35
right_child=5 4 21 14 37 30 56 10 9 40 11 12 24 47 15 -17 42 25 54 20 -22 46 23 -25 59 26 -28 -29 29 -31 31 32 -34 60 35 -37 -38 38 -40 -41 41 -43 43 53 45 -47 -48 48 -50 -51 51 58 -54 -55 55 -57 -58 -59 -60 -61 -62 -63
leaf_value=-0.013938475202094245 -0.022001271262717847 -0.015717764031834426 0.016239120377042515 -0.022652960264844396 -0.0082028665422081981 0.021967706554816193 -0.035187201831812238 0.02411269383217942 -0.022489459357853937 0.010541130917858755 -0.037443853231129316 -0.026321830285768733 0.023796753413896359 -0.021090970769393428 0.017400103223313909 -0.0057838703271674468 0.024118692183819439 0.023147144710216852 0.017400187685678529 0.00941095668792798 0.024825405768382304 -0.024247917033282652 0.022509327182582101 -0.0011641390120126199 -0.016069870087238119 0.010674426746900794 0.0099110233431663648 0.004748967735851351 -0.0086331109385233782 -0.047235184579161656 0.020013235525363889 0.0031537766832790601 0.024007843756952363 -0.020725546048587191 0.0025748572635166671 0.010626217800927049 -0.037486620180220344 -0.027705523018876656 0.019054239358446606 -0.015696500330602017 -0.016056780159618842 0.014211530986655204 -0.01403076976431304 0.018917857376411419 -0.034249993521869193 -0.000362306393004493 0.018040751425439792 0.011567238722061999 -0.023314215361885972 0.01019814426907407 -0.055223137337906514 -0.02883049872408202 -0.0020666595729573103 -0.0071263105197624989 0.015893783891948288 -0.017131326189256398 0.0010974825481296954 0.017205311265037184 0.0098051463179823512 0.021038089260214273 0.019827865009227442 0.013166451537751058
leaf_weight=212.65191305446933 16.876505624815763 754.26672186417454 75.407045464577095 8.0512529292063828 31.861934297634434 19.883067859453149 9.986497467063602 71.710458220273722 37.983611191561067 59.004661795101129 5.6246475211810312 5.7450579968281081 32.49840445141308 4.581850082515305 56.977506086830545 24.67839731942513 60.564731773003587 9.2512639622582338 130.31375498790294 25.001370014659187 21.366322951053007 15.569380528311742 17.210735644912347 136.51431522463827 11.590762889631153 6.4879435133698236 20.341951818158122 15.303229998677123 12.057274109974975 15.321020419847626 56.718762484728359 112.12063002795185 24.904812565539032 7.8693456766195586 9.2389915557578224 20.037275117021636 11.646630109404212 4.0791540682548648 30.14085597353187 19.345755274783187 31.41006383326021 15.741111936804371 11.586832359433172 47.956868025663425 10.359604875906372 15.517012231692204 4.234688749536871 14.330816410030819 25.197076896460203 75.68207060675195 5.3569704240180753 5.3814023724953612 29.060895199560036 11.117878368822856 17.007409388374075 13.462997938040642 8.2576846452720911 16.202271611633478 10.647300107404588 5.8739904540125272 255.99621857148668 38.765392485815028
leaf_count=40453 1649 139462 1742 807 3073 111 310 518 3147 1099 243 140 236 289 1233 625 689 212 1071 1292 318 890 254 5995 519 117 330 522 1045 297 600 3528 205 121 67 166 175 247 1144 1541 2355 415 421 921 187 200 37 461 1573 2366 252 230 2101 210 195 230 274 194 229 77 1761 450
internal_value=2.64064e-05 -0.00934946 -0.00206312 -0.00766658 -0.0142339 0.00849925 0.00586611 0.00639275 0.00484286 -0.00338009 0.0153987 0.00493868 0.00985562 0.00718142 0.00715772 0.0103718 0.00943558 0.00661985 0.00986441 0.00100835 0.00720385 0.0047343 0.00647719 0.00159525 0.0145092 -0.00336611 -0.00721554 -0.0144171 -0.0230516 -0.031244 0.0127004 0.00788123 0.00354251 0.0155748 0.00384404 -0.00520405 -0.02032 0.0026398 0.0127667 -0.00158024 0.00326657 -0.00580431 0.0162226 0.00917089 -0.000275498 -0.0148103 -0.0146286 0.000650349 -0.0106206 0.00451344 -0.00561929 -0.018799 -0.0138416 0.0139294 0.0143606 0.001126 -0.0194045 0.00804457 -0.00392135 -0.00296328 0.0179014 0.00706936
internal_weight=2889.93 1371.64 551.295 302.359 820.349 1518.29 935.231 916.987 783.943 173.2 133.043 61.3329 55.7082 610.743 89.7072 81.6559 453.363 322.137 243.374 82.59 65.7134 248.936 229.132 153.725 49.9632 78.7627 69.5114 49.1695 33.8662 27.3783 583.058 219.621 162.902 363.437 60.806 40.9229 20.8856 66.0819 34.22 44.3471 106.156 47.1512 131.226 70.6616 137.997 25.8766 19.8041 157.38 39.5279 117.852 42.1698 21.3857 67.0445 59.0747 160.784 30.4704 18.2442 20.7841 16.0287 17.4648 302.631 46.6347
internal_count=231621 195962 52036 43118 143926 35659 28088 27504 25771 9117 1733 1215 972 16654 2665 1858 11060 8819 6296 4800 3151 8918 7991 6249 832 2523 2311 1981 1459 1342 7571 4720 4120 2851 519 408 242 4464 1391 2833 3869 2770 2241 1552 3915 387 927 5594 2034 3560 1194 711 5248 1131 1496 425 584 483 459 596 2332 571
is_linear=0
shrinkage=0.03


Tree=36
num_leaves=63
num_cat=0
split_feature=26 71 47 175 167 159 177 12 165 168 12 161 168 160 27 72 117 97 125 180 177 86 86 161 97 48 48 155 58 101 90 112 43 168 165 171 85 8 160 112 132 17 96 12 182 49 165 16 1 105 86 11 1 39 122 26 166 160 59 90 133 32
split_gain=254.412 46.2716 23.9658 17.2646 16.9581 30.9204 16.4394 16.2342 22.5305 12.6003 12.2749 11.6663 11.0962 27.9219 18.8358 23.9448 11.0033 11.4933 11.9253 10.5364 11.6466 10.3092 9.16773 9.16675 12.0209 9.1084 9.08416 8.85345 8.80189 12.2433 12.9583 8.95367 10.9406 9.92326 9.85822 8.64754 15.6093 8.62445 8.5493 8.50943 8.31768 8.27414 8.22482 8.19344 8.06236 7.92222 7.64622 7.52097 7.20609 7.20169 7.71317 7.19923 7.92382 7.49091 7.03605 6.96919 6.92417 15.4125 18.8705 8.46019 12.6486 6.70065
threshold=0.06637329608201982 0.68032804131507885 1.4407482743263247 72.684883117675795 222689720.00000003 443.99624633789068 0.025957185775041584 0.048454415053129203 -0.12674649059772489 369456384.00000006 0.023527838289737705 665.31710815429699 158958952.00000003 471.50373840332037 0.15447457134723666 0.8707149624824525 0.52778539061546337 -0.17463397234678266 -0.51685404777526844 -0.066035952419042573 0.034405579790472991 -0.65000000596046437 -0.84999999403953541 58.55517768859864 0.46418094635009771 0.93928572535514843 0.95656326413154613 0.051962126046419151 0.93129515647888195 0.65000000596046459 0.33220461010932928 -0.14166667312383649 1.033408045768738 85747592.000000015 0.3760496079921723 88.124973297119155 0.67499998211860668 -0.63636419177055348 202.68644714355472 0.058333335444331176 0.82873702049255382 0.60308006405830394 0.5578916370868684 0.2226136848330498 10.32104015350342 0.95310345292091381 -0.42146447300910944 1.3089361786842348 0.072289135307073607 0.42499999701976782 -0.25000000745058054 0.98151510953903209 0.016320140101015571 0.04080555401742459 0.57851999998092662 0.08669751882553102 1912117824.0000002 676.47973632812511 0.95314541459083568 0.21416253596544269 0.2783461213111878 -0.0033345937263220544
decision_type=2 2 2 2 2 2 2 2 2 2 2 2 2 2 2 2 2 2 2 2 2 2 2 2 2 2 2 2 2 2 2 2 2 2 2 2 2 2 2 2 2 2 2 2 2 2 2 2 2 2 2 2 2 2 2 2 2 2 2 2 2 2
left_child=1 2 -1 7 5 -3 -4 8 46 35 -10 49 13 14 15 27 17 -16 -19 20 21 22 -15 -14 48 -12 -22 47 29 30 -21 32 34 56 54 39 -37 -18 -20 -6 44 -17 -32 -8 -29 -40 -2 -9 -25 50 -7 53 -53 -13 -30 -27 57 -33 -59 60 -60 -34
right_child=3 4 6 -5 9 11 43 12 10 -11 25 51 23 19 16 41 37 18 38 28 26 -23 -24 24 -26 55 -28 40 31 -31 42 33 61 -35 -36 36 -38 -39 45 -41 -42 -43 -44 -45 -46 -47 -48 -49 -50 -51 -52 52 -54 -55 -56 -57 -58 58 59 -61 -62 -63
leaf_value=-0.015605083097638929 0.001049396530231516 -0.013734561581423664 -0.01554989036844954 0.015223284932014657 -0.0016935575952360333 0.029516447146669088 0.024142938046623465 -0.01838968770508588 0.019450162678543301 -0.022382496372566351 -0.033590745799669947 -0.018517746457466965 0.015174791867722973 -0.023590975463041546 -0.012182790163676089 -0.013357097328946896 0.010233582206870345 -0.015985893573466258 0.023726462544705729 0.0092830649488003115 -0.012628754108027654 -0.042124270886742435 0.018118622688118743 0.01572559848998438 -0.031641059020277119 -0.015367996345133273 0.017616259240002756 -0.01886815371216901 -0.0026132229086832659 0.023195871232104575 -0.04659337871647589 0.021353506406845666 0.016123121777628539 -0.006870252607220329 0.015901318688442738 0.014614456574417518 -0.046709714925361835 -0.027910844851798573 -0.022848158696903466 0.020749458669676053 0.012883558111223463 0.013039185725772754 -0.0061308231469696219 -0.013767851462839846 0.0040834788473232408 0.015971197187323379 -0.039217192538083159 0.0044954768895551977 -0.016421445292779741 0.016723808458734054 -0.012840597555515637 -0.018217697991471243 0.0058961709982897981 0.0079922120874785195 -0.044721251433412046 0.013913572508074104 0.0258710523380901 -0.029361936928898859 -0.025498038132410476 0.022140448822263618 0.018391805924476617 -0.0071159007648929334
leaf_weight=760.17243906822296 5.2104006183217306 208.52272406833072 20.796730055633816 261.17598321214609 19.707227588594833 3.9494244910310981 28.170513089571614 99.198241615315055 25.051522696623579 10.069827736362639 8.0554773939729767 37.229841896707512 234.35799971673987 8.1660542257595843 13.70973333402071 11.63587871447089 8.8332612209487724 8.5839567683869955 76.030744476884138 18.112269725839724 11.414169766008852 7.9311621429515062 8.8083736631087959 24.434227623511109 7.7561087854192001 12.064122716255953 31.345847730990499 29.47195690634544 6.7501257641415595 14.726756513002327 8.0299292948329839 113.99665790575091 57.016620542097371 14.042372888383396 6.5508278244524254 8.5514329748693836 5.1603090800344935 10.831581442471359 6.8407846435438868 60.329661952302558 22.126262549923922 70.047031034391694 10.163844977068946 5.4331556969482326 24.273412522190483 10.919491518987341 18.048340598565119 14.205564013132969 7.3561093909229376 59.018462803403963 16.627493066931493 13.507307316023796 77.733187359051954 11.984654748113824 7.3503760735620745 15.594647373713086 80.390441782074049 12.16386385591977 10.379473018721912 26.482595183129888 11.274189217947422 13.016214633797061
leaf_count=140989 142 40141 1540 1977 1003 63 426 12556 399 537 307 1990 2029 136 293 298 299 291 602 146 115 172 96 533 344 534 301 3049 81 72 153 876 456 195 72 153 127 645 137 661 1256 1642 92 519 1323 117 902 901 179 1778 1028 1167 3112 292 176 321 536 237 141 263 85 210
internal_value=-0.00026947 -0.00973638 -0.0142285 0.00820824 -0.00284384 -0.00548322 0.00488723 0.00672049 -0.00593779 0.0079715 0.00371804 0.00234905 0.00764532 0.00599361 0.000204645 -0.00435522 0.00929345 0.0128153 0.0162774 0.010901 -2.48056e-05 -0.0160097 -0.00197625 0.0129289 -0.000352768 -0.00746464 0.00937014 -0.0102065 0.0127052 0.000961659 -0.00835677 0.0143571 0.00606481 0.0171114 -0.0126377 0.0114654 -0.00986676 -0.0109655 0.0193994 0.0152337 -0.00218283 0.00912664 -0.0256426 0.017706 -0.0085623 0.000438216 -0.0304016 -0.0154825 0.00792151 0.0114582 -0.00358059 -0.00283638 0.00213501 -0.0119717 -0.0262701 0.000946357 0.0184671 0.0149069 0.00252121 0.0110726 -0.00271081 0.0117223
internal_weight=2850.89 1346.96 814.573 1503.93 532.392 428.573 54.4004 1242.75 84.0245 103.818 60.7658 220.05 1158.72 884.82 406.708 270.958 135.75 116.085 102.375 478.112 67.6656 24.9056 16.9744 273.904 39.5464 35.7142 42.76 189.275 410.447 51.0328 36.306 359.414 90.6842 268.73 20.6513 93.7486 13.7117 19.6648 93.791 80.0369 75.8716 81.6829 18.1938 33.6037 53.7454 17.7603 23.2587 113.404 31.7903 79.5954 20.5769 140.455 91.2405 49.2145 14.1005 27.6588 254.687 174.297 60.3001 48.1363 21.6537 70.0328
internal_count=231213 195526 143474 35687 52052 49571 2485 33710 2605 2481 1561 9430 31105 28020 23409 21025 2384 1440 1147 4611 820 404 232 3085 1056 1162 416 19085 3791 463 391 3328 995 2333 329 1944 280 944 856 1664 5628 1940 245 945 4372 254 1044 13457 712 2869 1091 6561 4279 2282 257 855 2138 1602 726 489 226 666
is_linear=0
shrinkage=0.03


Tree=37
num_leaves=63
num_cat=0
split_feature=26 71 27 175 168 174 52 175 164 138 168 166 178 139 164 121 136 152 138 23 141 23 174 129 142 27 121 166 45 153 177 59 0 153 20 38 166 151 162 27 167 139 174 121 42 158 56 86 25 168 27 166 177 90 90 89 110 151 23 100 139 26
split_gain=223.031 52.0489 23.8175 23.2547 31.1347 19.3689 19.147 12.3457 12.0378 10.6674 10.7207 10.6048 11.4102 10.358 10.1873 9.8309 9.76569 11.8178 10.7714 9.56419 9.45211 8.95683 8.70351 8.37943 9.73541 8.37647 10.1571 8.58933 13.1799 15.3544 11.7906 12.2076 8.66812 8.09235 7.90099 7.77754 7.68613 11.3257 7.62479 7.58912 9.91839 7.12937 6.87828 6.78585 6.67441 6.66622 9.99095 10.5937 21.228 11.6413 13.5012 9.54645 11.5556 11.2842 8.23105 8.85212 7.31601 6.56678 6.5382 6.38552 6.37468 6.12292
threshold=0.06637329608201982 0.67602866888046276 0.10421640053391458 17.324316978454593 188907064.00000003 35.810863494873054 0.91932687163352977 22.201815605163578 2.1068789958953862 0.53427109122276317 15789171.000000002 11886041088.000002 0.010560743510723116 1.2305946946144106 -8.071527957916258 0.34234236180782324 0.49186640977859503 0.48698519170284277 0.85624378919601452 0.05123966000974179 1.3732538819313052 0.0088474946096539515 26.520096778869632 0.59680733084678661 2.0235908031463627 0.15447457134723666 0.2156627029180527 1125566656.0000002 1.06039035320282 -0.56854191422462452 0.048269141465425498 0.89772373437881481 -0.012522354722023009 0.065639570355415358 0.9921419918537141 -0.001449258590582758 2513910400.0000005 0.53178766369819652 30.84665679931641 0.17580016702413562 2971541.3750000005 0.78824052214622509 27.38392543792725 0.2156627029180527 -0.018577114678919312 153.05921173095706 1.1849300861358645 0.78333333134651195 0.094007421284914031 164001056.00000003 0.15447457134723666 3053540864.0000005 0.033559661358594901 0.81386151909828197 0.12750327587127688 -0.40955705940723414 -0.075000001117587076 0.47166790068149572 0.017457039095461372 0.57500001788139354 1.0092546939849856 0.08669751882553102
decision_type=2 2 2 2 2 2 2 2 2 2 2 2 2 2 2 2 2 2 2 2 2 2 2 2 2 2 2 2 2 2 2 2 2 2 2 2 2 2 2 2 2 2 2 2 2 2 2 2 2 2 2 2 2 2 2 2 2 2 2 2 2 2
left_child=1 2 -1 4 -3 6 8 -4 45 10 -7 21 -13 14 38 -14 17 18 19 60 -21 -6 -18 59 36 26 -11 28 35 -30 -29 57 -33 -9 -16 -28 37 -25 41 40 -40 -8 -43 -20 58 46 47 48 49 50 -2 -51 56 -54 55 -47 -53 -32 -42 -5 -10 -31
right_child=5 3 7 23 11 9 13 33 16 25 -12 12 15 -15 34 -17 22 -19 43 20 -22 -23 -24 24 -26 -27 27 30 29 61 31 32 -34 -35 -36 -37 -38 -39 39 -41 44 42 -44 -45 -46 54 -48 -49 -50 51 -52 52 53 -55 -56 -57 -58 -59 -60 -61 -62 -63
leaf_value=-0.015676924787294152 -0.014357010098886687 -0.013178645232725168 -0.010024576548803446 0.021450904648048174 -0.017691809260911299 0.012512768067813198 -0.03049947542458328 0.017701376678351016 0.016585564661389725 -0.019895220584704887 -0.017499829534316547 0.013321492657365187 0.0010509733712012353 -0.022608702644400673 0.023600973571213036 -0.037784576664175458 -0.019230454893884447 0.015067014314834046 0.01718723738824 -0.037973735023703506 0.011050609812577971 0.020604171031972398 0.0086096890681183723 -0.0041364171115554202 -0.02477232886917638 0.017426658210004171 -0.038029207425897028 0.018178463802382146 -0.02536727901133708 0.0043114688271060483 -0.00085911070681147931 0.00064997694722339003 -0.040731986879249449 -0.01247545798159084 -0.013693314690896713 -0.0019930308823667112 0.01602167895851472 0.015832756728041235 0.022969940269124495 0.02963602908791281 -0.018367740260775662 -0.016877378259266496 0.019571851757417828 -0.023308937100923372 -0.028398253591591455 -0.031614963893219314 0.021825149930526842 0.016390283560368597 -0.02697969892550435 0.02814916316027738 0.013739420321998822 -0.0023031597705315001 -0.028975396174520062 0.011420943295430978 -0.017931275260294477 0.013236089891163353 0.024240289881096524 0.028451756545635181 0.017693519903695734 -0.003837978015007393 -0.018345879690625337 0.015019645628526895
leaf_weight=705.46333202114693 35.252333556203666 221.93830722562052 49.134460745073739 40.003794247604674 5.3599160455632946 19.339796791318804 7.4494867248868131 36.550791918707546 36.128417549691221 8.9945388980995613 21.585006713867188 17.835957820530894 11.569114700279899 23.229884383901663 4.6533044625539324 10.502449703169985 32.770101587731915 57.305503972977021 3.5445572234166347 6.9576735134178289 5.6019934721989557 46.531811334916711 13.564322137448469 103.91320292592718 10.212979716816333 207.40012903057504 7.147296984781863 185.45876309848973 10.100279945530927 80.714946530555608 13.694997854530813 9.6071058405796084 7.3817934639228033 9.2688563975680136 56.283416392743675 16.865622649325815 36.836577738151391 32.779136348101019 15.333090792642905 14.713327966630457 6.4112984613166217 7.5264650614008159 9.2414099514135142 23.910515575240424 7.6775166791630935 3.5247659892193033 67.841831016296055 105.66540449451713 16.565657724539051 29.688916672370397 25.717920203518588 12.68604216823587 11.614611194236206 11.351346070878206 15.209264760371296 31.202282677404583 31.033939236716833 12.336853385088032 10.57559771358501 10.913878169027155 4.465277351315307 125.55010051414138
leaf_count=133840 3271 42399 7656 639 415 219 418 998 949 152 605 229 298 2190 85 712 3568 1490 65 256 131 847 494 4685 875 1172 236 1704 336 1101 143 171 209 579 5618 278 999 594 146 85 429 533 143 1503 475 227 872 768 641 138 240 190 257 74 1103 761 305 79 344 297 266 1158
internal_value=-9.85136e-05 -0.00890693 -0.0137808 -0.00177566 -0.00711282 0.00797746 0.0045619 0.000291965 0.00710886 0.0114649 -0.00328509 0.00750386 -0.00402083 -0.00449033 -0.00132065 -0.0181351 0.000746265 0.00476744 -0.00261279 0.00523151 -0.0166838 0.0163321 -0.0110072 0.00534724 0.00230747 0.0123537 0.0101138 0.010737 0.00671155 0.00906982 0.0149114 0.000666039 -0.0184287 0.0113968 -0.0104619 -0.0139305 0.00405123 0.000710657 0.00574194 0.0119027 0.00474244 -0.00797728 0.00301325 -0.017555 -0.00692562 0.0100423 0.0115116 0.00892942 0.00431138 0.0077743 -0.00242675 0.0142173 0.00764622 -0.00924016 -0.000146669 0.00784229 0.0165919 0.0134594 0.00365178 0.0160031 0.0123223 0.0108849
internal_weight=2819.69 1348.81 800.417 548.397 313.738 1470.87 744.697 94.9541 581.603 726.177 40.9248 91.7992 39.9075 163.095 139.865 22.0716 184.248 137.914 80.6084 53.1534 12.5597 51.8917 46.3344 234.66 183.742 685.252 477.852 468.858 240.378 216.365 228.48 43.0208 16.9889 45.8196 60.9367 24.0129 173.529 136.692 78.9282 54.7108 39.9975 24.2174 16.7679 27.4551 24.6644 397.354 347.418 279.576 173.911 157.345 60.9703 96.3749 66.6859 22.966 49.9363 34.727 43.72 26.0319 16.9869 50.9177 40.5937 206.265
internal_count=231660 196062 143073 52989 44900 35598 28035 9233 17569 7563 824 2501 1239 10466 8276 1010 8722 4660 3170 1602 387 1262 4062 8089 7153 6739 5567 5415 3109 2595 2306 602 380 1577 5703 514 6278 5279 2573 1479 1394 1094 676 1568 1248 8847 6756 5884 5116 4475 3511 964 826 331 2091 988 495 222 773 936 1215 2259
is_linear=0
shrinkage=0.03


Tree=38
num_leaves=63
num_cat=0
split_feature=25 27 61 116 29 142 142 87 25 92 160 57 175 140 163 93 56 162 92 12 176 29 168 51 142 94 30 55 12 66 94 91 97 129 27 124 117 171 185 47 59 28 21 12 112 50 86 176 183 5 92 29 72 97 182 168 140 90 5 29 59 69
split_gain=174.933 62.2066 61.0902 13.3466 13.0402 12.4984 11.8763 14.0832 17.472 11.0531 16.3067 13.5694 13.0842 11.563 10.7899 11.1449 10.5756 9.3272 10.9537 8.97042 11.2579 9.68474 8.54063 8.33951 8.27596 10.9951 9.13313 9.01378 8.25235 9.94375 8.12613 7.87179 7.78622 7.76205 9.32234 10.6483 12.3601 7.92503 7.69075 7.67616 7.74126 8.19716 7.63891 7.35555 7.35408 7.27732 9.60651 7.84714 8.34106 12.3941 8.2421 11.3328 7.20728 7.20411 7.1754 7.15988 7.14327 6.93875 6.93715 7.53445 7.64338 6.90747
threshold=0.064544741064310088 0.13305434584617618 0.94279357790946972 0.61238521337509166 0.015985050238668922 1.9787053465843203 1.2948155999183657 0.55833333730697643 0.12658608704805377 0.81795328855514537 456.73466491699224 0.9837593436241151 1.4747982025146487 1.0670155286788943 23.009273529052738 0.91004878282547008 1.1554709076881411 60.410797119140632 0.12746852636337283 0.06346756219863893 370.87919616699224 -0.00086261026444844891 231878864.00000003 0.8660418987274171 1.7091344594955447 -0.028571897186338898 -0.00083872786490246643 1.0162238478660586 0.78726583719253551 0.45833332836627966 0.8317430615425111 -1.0000000180025095e-35 0.28936560451984411 1.4315876364707949 0.13581775873899463 -0.5332144796848296 0.32812556624412542 62.458320617675788 -2.3961899280548091 1.483717203140259 0.93563997745513927 -0.012732979841530321 0.81458914279937755 0.82828408479690563 -0.041666667908430093 0.63444977998733532 0.84999999403953563 848.99822998046886 -4.0473549365997306 0.00043343295692466205 0.75723737478256237 -0.0012056895066052673 0.80314961075782787 -0.16473180800676343 14.213125228881838 304012592.00000006 1.4180124998092654 0.64985433220863353 0.024488619528710846 -0.0082249096594750864 0.84948623180389415 0.81818184256553661
decision_type=2 2 2 2 2 2 2 2 2 2 2 2 2 2 2 2 2 2 2 2 2 2 2 2 2 2 2 2 2 2 2 2 2 2 2 2 2 2 2 2 2 2 2 2 2 2 2 2 2 2 2 2 2 2 2 2 2 2 2 2 2 2
left_child=1 2 4 16 9 19 55 8 33 10 13 14 23 17 15 -12 -4 -1 -19 31 21 56 -5 -11 25 -13 -27 -26 -23 -30 45 -3 -28 34 35 36 -8 -37 44 40 -35 -42 -6 -39 -18 46 -9 48 50 -50 51 -47 -51 -36 -38 58 -21 -43 -2 -60 -61 -16
right_child=6 5 3 22 42 -7 7 30 -10 12 11 24 -14 -15 61 -17 38 18 -20 20 -22 28 -24 -25 27 26 32 -29 29 -31 -32 -33 -34 39 53 37 54 43 -40 -41 41 57 -44 -45 -46 47 -48 -49 49 52 -52 -53 -54 -55 -56 -57 -58 -59 59 60 -62 -63
leaf_value=-0.015739323048129507 0.015504199692238346 0.0051362771618881902 -0.014998152429810306 -0.0054098940265024428 -0.024656189961559973 -0.018282429121150311 0.018539874865594389 0.0099962048110044648 0.018292784251720533 0.026265895980414518 0.0080553111205075335 0.021974084162479184 -0.015188385917935806 -0.013208179054442654 -0.024565164198697982 -0.029554759431859336 0.0069596785109735633 -0.019760624680242051 0.010361406279066319 -0.016287508535357795 0.017926075836540219 0.016264277691767276 0.023307423276479243 -0.016647351981193919 0.022635273545302429 0.019242990432525614 -0.020856939987951118 -0.017558968767803732 0.01804873656749301 -0.034435008719805316 -0.0095509702233799246 -0.034711131029000704 0.0013742933166770036 -0.040619917545864581 -0.014410873707638577 0.0087343028244094498 -0.0057676361044405574 -0.013261762124076861 -0.014381306061316568 -0.035769595009667261 -0.033267347514547942 0.0091915278588645885 0.015716586668881587 0.015675008103766694 -0.029978383200264493 0.011510971962694325 -0.027253985583570464 0.022761327141233342 -0.023240894574381141 0.0067321301514522407 0.012960950024340825 -0.030293034896364791 0.019944528337850629 0.01571285314879859 -0.037059505121832703 -0.014268358932391855 0.019116531292118717 -0.022498858039560077 -0.02140685555356708 -0.014690524557623257 0.01572847968098948 -0.0026737174018785993
leaf_weight=25.10638401322467 361.79890144365436 10.956911714252785 767.2296299393256 29.595827203516819 3.632784220884786 13.882749305077594 6.5613827963825306 17.344333771638052 51.897619465424214 30.272206814726815 52.779286027849594 19.798513877743972 11.224304280052818 172.53128173574305 30.047691131185275 7.1596237518315311 48.177374300132215 12.167966066946972 60.962698996969266 25.502968945300385 117.87635536077141 47.735971858717676 12.381678352045126 3.906087773415492 43.382777563914715 12.576895664853508 23.618573592633766 4.8352781889880125 4.9525220306823012 6.2534101367637049 15.017340751808659 6.1824308670475139 32.624391066172393 4.0606048234913024 7.3170063465367994 70.388707388452531 11.689295116331779 36.21427909468548 36.476292194893176 8.0473549114540202 5.2945389725500709 33.420607703272253 53.411695590775707 9.0545480806686083 4.3737434849026604 9.0889732278883475 8.4213057212909899 67.944586999408784 6.887542817159555 59.187692976658582 18.943401808966883 13.150097350422582 110.07988556739474 53.779920613193099 16.467273411806673 7.3058886881917706 5.4006386385881333 6.5762972854463433 8.1484551572139008 8.7504052713047695 30.739948576352617 23.321484019499621
leaf_count=4482 5924 226 140489 4293 164 831 125 187 940 554 2041 430 1423 27325 1439 410 1906 1710 3421 1874 1081 1085 217 397 778 330 1402 349 129 312 392 358 1405 270 160 2447 1193 1606 4951 194 510 1026 2019 391 399 78 135 366 178 1775 261 226 871 727 425 224 236 598 280 108 321 907
internal_value=-9.26637e-06 -0.00581322 -0.00804814 -0.0130516 -0.000824215 0.00839232 0.00959053 0.00701774 0.00253024 -0.00221314 -0.00346149 0.00204869 0.0118108 -0.00855183 -0.00558724 0.00310234 -0.0138614 -0.000293069 0.00511008 0.0101261 0.0118579 0.00375374 0.00333598 0.0209424 0.00838809 0.00283458 -0.00286449 0.0182688 0.0108492 -0.0114154 0.0114019 -0.0101931 -0.00811031 -0.000557637 0.00209521 -0.00191392 -0.0162475 0.00246541 -0.00397429 -0.0102512 -0.00540284 -0.00137137 0.0127133 -0.00719538 0.00332696 0.0124505 -0.00263003 0.0138275 0.0109293 0.0137581 -0.00113863 -0.0133188 0.0154088 0.0118829 -0.0248148 0.0135503 -0.00960109 0.00348612 0.0140875 0.00316913 0.0087177 -0.0152793
internal_weight=2823.92 1760.34 1521.59 898.235 623.36 238.744 1063.58 646.835 320.769 566.315 520.913 250.145 45.4026 270.768 113.308 59.9389 856.257 98.237 73.1307 224.861 207.722 89.8455 41.9775 34.1783 136.836 88.6184 68.8199 48.2181 58.9419 11.2059 326.065 17.1393 56.243 268.872 211.472 150.375 34.718 115.658 89.0274 57.3994 49.352 45.2914 57.0445 45.2688 52.5511 311.048 25.7656 285.282 217.338 176.155 41.1825 22.2391 169.268 61.0969 28.1566 416.744 30.9036 39.9969 409.438 47.6388 39.4904 53.3692
internal_count=231311 209373 203241 152255 50986 6132 21938 15081 10612 48803 46429 9491 2374 36938 4797 2451 147745 9613 5131 5301 4717 3636 4510 951 4694 3567 3137 1127 1526 441 4469 584 2807 9672 7074 6187 1743 4444 7256 2598 2404 2134 2183 1997 2305 4077 322 3755 3389 2824 565 304 2646 887 1618 6857 2110 1624 6633 709 429 2346
is_linear=0
shrinkage=0.03


Tree=39
num_leaves=63
num_cat=0
split_feature=26 21 47 167 160 27 169 180 148 161 175 17 102 110 116 161 27 142 112 113 91 178 93 30 166 86 164 105 95 71 116 32 81 112 17 139 45 45 41 171 13 139 166 173 173 181 27 145 48 167 92 166 16 138 50 168 132 28 119 92 138 178
split_gain=213.568 42.3492 29.7549 16.604 33.9542 14.6621 17.3169 11.592 10.3023 9.99238 32.7137 12.6522 8.57857 8.46534 11.3901 9.74204 8.4423 10.8207 9.14273 8.16903 11.7402 11.4606 7.94254 9.22793 7.93624 7.86346 9.38287 16.0033 9.25431 7.45312 7.37901 7.29519 7.22407 18.6589 7.71104 15.6395 7.8561 7.13926 7.10565 6.94301 6.92968 6.83933 6.78168 6.74335 7.26142 6.71506 6.71036 6.665 6.65707 15.3996 6.54823 6.53665 6.98389 6.33133 6.26737 6.25494 6.2483 8.71278 9.10297 12.2223 7.05731 6.32602
threshold=0.06637329608201982 0.98278146982193004 1.4407482743263247 222689720.00000003 456.73466491699224 0.14953646063804629 1.0669952034950259 0.012056753505021335 0.5678117871284486 528.68090820312511 1.3993052840232851 0.95546624064445507 0.50833332538604747 0.37500000000000006 0.75982248783111583 2718.7927246093755 0.079094760119915022 1.3114923834800722 -0.15833333879709241 0.74986484646797191 0.29075957834720617 0.026308040134608749 0.13966880738735202 0.0043392456136643895 1175021440.0000002 -0.91666665673255909 -23.393072128295895 0.47499999403953558 0.76517450809478771 0.92000016570091259 0.27272789180278784 -0.0047411888372153035 1.0000000180025095e-35 0.058333335444331176 1.3321068286895754 1.4232115149497988 1.1169236898422243 1.0429748296737673 0.065942995250225081 69.011814117431655 0.97487312555313121 0.9254322648048402 256142888.00000003 6.7785308361053476 18.189841270446781 -0.10915492102503775 0.019492946565151218 0.53339949250221264 0.99212971329689037 7318065.7500000009 0.80451133847236644 4125921664.0000005 0.84798023104667675 1.312137305736542 0.90975627303123485 5732420.0000000009 0.64134132862091076 -0.0072330103721469632 0.1484811529517174 0.87602663040161144 1.2408981919288637 0.043604807928204543
decision_type=2 2 2 2 2 2 2 2 2 2 2 2 2 2 2 2 2 2 2 2 2 2 2 2 2 2 2 2 2 2 2 2 2 2 2 2 2 2 2 2 2 2 2 2 2 2 2 2 2 2 2 2 2 2 2 2 2 2 2 2 2 2
left_child=1 3 -3 4 -1 6 9 -5 -4 10 11 -2 46 14 15 32 22 31 -19 30 21 -21 23 -6 42 -8 55 28 56 -14 -11 -18 33 45 51 36 39 53 47 -36 -20 -42 -24 -29 -45 -7 -9 -12 -32 -50 -48 -34 -53 -26 -54 -27 57 -28 59 60 61 -59
right_child=5 2 8 7 16 13 25 12 -10 19 38 -13 29 -15 -16 -17 17 18 40 20 -22 -23 24 -25 37 26 27 43 -30 -31 48 -33 34 -35 35 -37 -38 -39 -40 -41 41 -43 -44 44 -46 -47 50 -49 49 -51 -52 52 54 -55 -56 -57 -58 58 -60 -61 -62 -63
leaf_value=-0.013092244254848281 0.0148620990698177 -0.015290287894935195 -0.0066657797953623759 -0.01964754383661382 0.016187065226148944 0.001948964003937905 -0.012268527945545704 0.022679873590063765 0.018965081211607369 -0.010903264627194863 -0.01904642866228819 -0.011975976915253001 0.024593986036933052 -0.0060609288171731713 0.029212538121030959 -0.0093290813888227339 0.015173460537856696 -0.014153558751441597 0.026380794909236258 0.0077896143847275045 0.0081640476802301576 -0.04521623338309648 -0.0039661286809195484 -0.013204985132080214 0.01078683997848731 0.0015968758115963496 -0.0167170077990541 0.024708950273906901 -0.014370063361316595 0.0027816321337362465 0.010551738327593454 -0.029788385405557807 0.020610933268520634 0.010154154377305522 -0.032237928348394451 -0.027395315437976173 0.014271831850686669 -0.022335244499269113 0.0038610941017395714 0.010785214882921111 0.018047729228142653 -0.025760141727840826 -0.022880489423851812 -0.037058824757943983 -0.0024343333662460963 -0.052105779569563221 -0.015927652521363814 0.00034287817689481723 0.017793195761565409 -0.028203633133537288 0.01688075481827005 0.015980032563607281 -0.037923430936589106 -0.016332476963273307 0.0037622077309208916 0.02229808686044121 0.017470192068830291 -0.038497010740573968 0.014204931834787918 0.026467722195141753 0.013180134658239499 0
leaf_weight=245.52114871765389 84.470209972671 664.92130566994001 24.701553658233024 11.485246290578287 38.737633576489316 2.7438213017303497 13.089989852944198 7.3332189621578427 30.387681805994362 17.234307580045424 89.320514502333026 18.477987087288057 42.632064127305057 20.518607900943607 36.800242855504621 17.950126744755835 4.265749080106616 6.9087391341308821 40.890360065048299 5.099649497773501 17.318326919448737 9.5476448951958428 45.024736527549976 11.738805275410412 49.454515097342664 16.232673904392868 10.482052177801959 6.538781441980972 10.85045760885623 21.728127258043969 218.88907327468405 7.813457963842664 166.88122605340322 49.26270438856227 5.6894817461725307 9.1087350784800929 101.00904181757505 7.7597847260403787 19.158290589431999 5.9247881206683815 6.7198906547273491 4.4866669109032955 27.515814934889931 4.8906783063139292 80.717618999156912 5.67793685133074 21.051724012948402 18.969373113317488 11.849473911453972 12.360575694568977 6.3073793697403735 21.414432431847672 4.0381213645450762 8.161638850153393 8.3866571449907479 80.460851656622253 136.91077734506325 10.353161416860539 114.96172039192243 7.3051975247217333 4.8341806514072223 5.7657367604770107
leaf_count=48328 1397 130016 1574 957 1085 61 654 113 885 368 10177 1979 529 199 103 114 93 272 476 85 273 210 3001 897 1461 151 493 42 407 254 2766 532 1520 533 130 191 1286 639 1004 71 104 304 2430 297 4093 228 1305 1336 125 394 173 244 112 481 187 534 1703 336 1618 36 72 165
internal_value=9.70924e-05 -0.00859833 -0.013534 -0.00280745 -0.00511664 0.00793843 0.0059346 0.00766665 0.00750499 0.00209616 -0.00256099 0.00994725 0.0110285 0.0124239 0.0133148 0.0117681 0.00243974 0.0111745 0.0164677 0.00577348 -0.00830742 -0.0272514 -0.000881846 0.00916963 -0.00462174 0.0099022 0.010524 0.00841472 0.0117518 0.0174312 0.00753908 -0.0137347 0.0127941 0.00289195 0.0145418 0.00843263 0.0115723 0.00290709 -0.0126869 -0.0109376 0.020775 0 -0.011395 -0.00247946 -0.00485207 -0.0358386 -0.000921256 -0.0156505 0.00889814 -0.00575896 -0.00792966 0.0181718 0.00581055 0.00668097 -0.0113781 0.0189054 0.0127833 0.00850314 0.0104729 -0.00457406 -0.016246 -0.0255007
internal_weight=2817.04 1335.55 720.011 615.537 504.999 1481.5 1026.09 110.538 55.0892 522.695 230.396 102.948 99.0525 455.406 434.887 398.087 259.478 71.0849 59.0057 292.299 31.9656 14.6473 188.393 50.4764 137.916 503.394 490.304 393.61 301.463 64.3602 260.333 12.0792 380.137 57.6845 322.452 121.732 112.623 65.3759 127.448 11.6143 52.0969 11.2066 72.5406 92.1471 85.6083 8.42176 34.6923 108.29 243.099 24.21 27.3591 200.72 33.8392 57.6162 12.4248 96.6935 290.613 153.702 143.22 28.2583 20.9531 16.1189
internal_count=231603 195909 132475 63434 60103 35694 30715 3331 2459 20114 15893 3376 2374 4979 4780 4677 11775 1781 1156 4221 568 295 9994 1982 8012 10601 9947 9262 4830 783 3653 625 4563 822 3741 1678 1487 2581 12517 201 884 408 5431 4432 4390 289 1591 11513 3285 519 1478 2063 543 1942 299 685 4423 2720 2227 609 573 501
is_linear=0
shrinkage=0.03


Tree=40
num_leaves=63
num_cat=0
split_feature=26 21 47 158 167 162 160 1 89 178 55 168 32 59 168 97 92 85 136 139 10 85 93 26 29 77 140 87 160 86 40 164 84 76 96 75 114 139 95 180 168 95 171 147 147 47 28 88 60 168 77 135 94 52 69 13 91 12 26 172 20 91
split_gain=199.47 42.2894 20.8307 15.697 25.1412 14.9301 13.6444 16.7129 15.8045 13.4896 14.7506 12.9822 12.0928 11.8855 11.2196 11.2142 9.86301 9.74362 9.45435 9.03875 8.97027 8.48139 12.5066 13.1374 8.27468 12.4875 13.7988 8.6311 8.55655 13.4008 8.23826 8.16636 10.539 8.15569 8.13653 8.00375 9.24497 10.889 8.2674 12.9057 10.3755 9.24291 7.94841 7.91141 12.5999 7.85078 7.64157 7.40654 7.39686 9.18036 10.5884 7.27163 7.0261 6.93147 10.9129 6.92991 7.16678 7.95212 6.89174 8.67207 6.88423 6.87925
threshold=0.067738655954599394 0.97466787695884716 1.4407482743263247 456.03594970703131 222689720.00000003 63.904148101806648 471.50373840332037 0.04928333871066571 0.55164429545402538 0.031584270298480994 1.046913802623749 76974040.000000015 -0.006292130332440137 0.95314541459083568 8336994.2500000009 -0.089875888079404817 -0.68009731173515309 0.42499999701976782 0.57536518573760997 0.76014310121536266 1.0112211108207705 0.67499998211860668 -0.33780296146869654 0.12073757499456407 0.018264289014041427 0.67500001192092907 1.2926359176635744 -0.30833333730697626 636.13653564453136 0.68333333730697643 0.013664579484611751 2.1068789958953862 -0.25000000745058054 0.84999999403953563 -0.21945482492446897 0.32500000298023229 0.53703716397285473 1.0030527114868166 -0.25698867440223688 -0.058720611035823815 53252252.000000007 -0.041941532865166657 81.817699432373061 0.48692734539508825 0.49497742950916296 1.0597649812698366 0.019677191972732547 -0.46603564918041224 0.93073353171348583 6943079.0000000009 0.12500000372529033 0.38464504480361944 0.5791040062904359 0.78792425990104686 0.5635589361190797 1.034349858760834 -0.42167682945728296 0.14774721115827563 0.10546416416764261 15.766271591186525 0.8718279004096986 0.52448835968971264
decision_type=2 2 2 2 2 2 2 2 2 2 2 2 2 2 2 2 2 2 2 2 2 2 2 2 2 2 2 2 2 2 2 2 2 2 2 2 2 2 2 2 2 2 2 2 2 2 2 2 2 2 2 2 2 2 2 2 2 2 2 2 2 2
left_child=1 3 -3 4 -1 6 7 11 21 -10 53 12 15 14 -7 16 -2 -13 47 -9 -21 35 -23 -24 25 27 42 48 -29 45 -6 32 -22 -32 -17 36 38 -38 55 58 43 -42 61 -41 -45 -30 -35 -16 49 -5 -51 -4 -19 54 -11 56 -8 -58 59 -40 -20 -27
right_child=5 2 51 24 30 13 8 19 9 10 -12 17 -14 -15 18 34 -18 52 60 20 31 22 23 -25 -26 26 -28 28 29 -31 33 -33 -34 46 -36 -37 37 -39 39 40 41 -43 -44 44 -46 -47 -48 -49 -50 50 -52 -53 -54 -55 -56 -57 57 -59 -60 -61 -62 -63
leaf_value=-0.012923271345854082 0.017709347063109834 -0.014406169915266437 -0.0071790434264686577 0.016603751273340812 -0.0059026378241045004 -0.021345820833203844 0.01704415759657572 0.020833351977874844 -0.030298362026039839 0.013434861691815271 -0.017834672916139441 0.0087609162270031252 -0.018077577596438948 0.023213362865057201 -0.007187508508620169 0.022697182637159315 -0.035830602095168335 0.00041959792415754494 -0.044718746106872181 -0.023105648711429082 -0.0027295680667373556 0.015885291219437898 -0.040305928149617143 0.0097606791962429624 0.018337049784669768 0.011689166313773185 -0.022446366416964757 0.028280705157478762 0.0033818928333358791 0.025471904615236119 -0.017744124767351172 -0.010105637055740717 0.020830404037393051 0.020602274826845381 -0.0018484902078591324 0.017264667603559183 -0.032731605265407748 0.0059203783303335049 -0.039503440697749047 0.0265243452306024 0.014086226788115783 -0.03076488298529054 -0.022129146904134589 -0.022707134300789446 0.012944256646030395 -0.034605379655480724 -0.00948015061864994 0.012397559883916821 0.011222399611438548 -0.032304239496900443 0.00040996375365569618 0.013727823020785885 -0.030720223539114504 0.024298402552913715 -0.031129514592976259 0.021849305509474518 -0.031143807708928679 0.0082662205669948568 0.001692110520314925 0.00678072894081529 0 -0.018276635620917966
leaf_weight=200.63554159413206 3.3640931546979109 738.29288372792735 26.687166087363948 9.9071213528295612 34.542317327995988 9.2055433619243541 21.622389105614275 42.027848153291416 13.503533902490743 15.568955172646385 21.653405586999725 88.201899340798263 72.032876747074624 70.047077530918614 17.42327162453148 16.351845546159893 11.363751496741314 16.187834826705515 3.295424404408549 8.758032346289836 27.115234700195288 14.377238853368906 10.704572409260438 7.222635864512994 28.019688153406605 40.275439048593398 32.994403737330686 25.547521726351988 12.241182216152085 15.243485720016904 6.3888454075786276 18.49001694949493 43.368883147115412 46.927323377050925 39.529397175254417 146.05054511129856 9.1839346073102224 17.511610796922469 10.213412901910486 29.909513896680437 6.2473514433950177 8.8262473397189734 9.4000649709050759 9.3469715700484794 64.495977521401073 6.8648898115789043 8.2761171032389012 365.70437000925631 31.279284987300343 15.651681589781218 18.703001081685215 31.520277168106986 9.6865210183823347 20.167959263082594 6.0491423710845984 73.187571464368375 6.8736551417969194 10.176275919657199 18.633764148224145 4.8625859189196481 11.366033473226706 7.2854738172482021
leaf_count=39504 54 142406 1538 267 1434 481 180 1166 485 296 571 2647 10599 838 172 269 501 475 151 768 1246 98 215 44 366 1389 2613 433 392 232 310 1305 838 593 1036 1173 192 250 274 166 77 283 707 150 597 585 345 4005 1319 873 622 1052 419 166 193 505 221 80 181 68 311 620
internal_value=-0.000359817 -0.0086291 -0.0130441 -0.00221991 -0.00689532 0.00748145 0.00527816 0.00102855 0.00834883 -0.00418173 0.00171474 -0.00350632 -0.00951709 0.0118098 0.00978773 -0.000611593 -0.023062 0.00400091 0.0105675 0.00934547 0.00421397 0.0104135 -0.00424067 -0.0205263 0.0032492 0.0012876 -0.00731293 0.00703363 0.0154383 0.00527207 0.00565783 0.0071634 0.0118135 0.0121798 0.00555402 0.0115105 0.00856393 -0.00797026 0.0102684 0.00563707 0.0102856 -0.0122695 0.00163731 0.013677 0.00814835 -0.0111602 0.0159505 0.0114827 0.000215672 -0.00757246 -0.0149016 0.00413234 -0.0118358 0.0120954 7.30569e-06 0.0164513 0.0058668 -0.00830086 -0.0104868 -0.0248952 -0.0123637 0.00675533
internal_weight=2766.59 1346.68 796.5 550.183 296.77 1419.91 942.867 396.478 546.389 76.943 63.4395 256.718 142.642 477.042 406.995 70.6091 14.7278 114.076 397.789 139.76 97.7322 469.446 32.3044 17.9272 253.413 225.394 89.9554 135.438 59.8971 34.3496 96.1346 88.9741 70.4841 61.5923 55.8812 437.142 291.091 26.6955 264.396 152.536 118.826 15.0736 56.961 103.752 73.8429 19.1061 55.2034 383.128 75.5411 44.2618 34.3547 58.2074 25.8744 41.7861 21.6181 111.86 38.6723 17.0499 33.7098 15.076 14.6615 47.5609
internal_count=231346 197600 144996 52604 42186 33746 27788 21323 6465 1711 1226 16000 12459 5958 5120 1860 555 3541 4639 5323 4157 4754 357 259 10418 10052 5329 4723 1642 1209 2682 3389 2084 1248 1305 4397 3224 442 2782 1796 1273 360 2716 913 747 977 938 4177 3081 1762 1495 2590 894 655 489 986 481 301 523 342 462 2009
is_linear=0
shrinkage=0.03


Tree=41
num_leaves=63
num_cat=0
split_feature=26 70 168 175 47 27 48 97 96 177 53 132 8 165 146 97 132 87 96 2 176 168 149 51 47 42 92 25 25 28 155 31 180 92 85 90 101 138 116 143 17 133 176 140 113 97 70 169 131 26 47 47 140 179 4 27 46 145 168 92 68 150
split_gain=204.313 47.6573 15.4771 27.3057 14.914 13.7151 13.458 11.326 10.4822 9.58771 9.03604 9.30432 8.99966 7.65366 7.51498 8.59747 7.46147 7.45802 9.67809 7.95285 7.39425 11.6414 7.71175 7.38426 7.12324 7.90876 6.99576 7.30704 6.95198 9.65338 9.51839 8.20311 7.45161 15.0787 6.70266 8.62889 6.70434 6.56519 9.5074 7.7532 7.27378 7.73444 6.72938 6.49108 6.36485 6.13545 6.52295 6.09678 6.26374 5.89447 5.77463 5.65922 7.22747 8.57844 6.07832 5.63623 7.92862 8.65168 6.64502 5.62833 5.59994 5.54145
threshold=0.06637329608201982 0.79278504848480236 188907064.00000003 17.324316978454593 1.4407482743263247 0.14953646063804629 0.98174220323562633 -0.069074396044015871 -0.42945535480976099 0.025957185775041584 1.0655833482742312 0.58356451988220226 -0.17948558181524274 -0.0070217831525951615 0.47563740611076361 0.14445669949054721 1.021109461784363 0.94166666269302379 0.59021389484405529 0.89142799377441417 504.24443054199224 141397768.00000003 0.51923203468322765 0.90060830116271984 1.0937908887863161 -0.038202691823244088 0.67644560337066661 0.11635116115212442 0.066521942615509047 -0.015804910100996491 -0.010735885705798863 -0.0035388839896768327 0.05506552197039128 0.29106305539608007 0.87500000000000011 0.77386930584907543 0.51666668057441723 1.2967001199722292 0.72413793206214916 0.69829401373863231 1.2245180606842043 0.15167537331581118 1173.6021728515627 0.87290775775909435 0.82857152819633495 -0.055968923494219773 0.44221405684947973 0.84235632419586193 1.9459574818611147 0.079155996441841139 1.3617870807647707 1.0237827301025393 1.9973780512809756 0.061177361756563194 0.22222524881362918 0.11041713505983354 1.3908966183662417 0.59245625138282787 23290369.000000004 0.65899431705474865 0.72413870692253124 0.50708198547363292
decision_type=2 2 2 2 2 2 2 2 2 2 2 2 2 2 2 2 2 2 2 2 2 2 2 2 2 2 2 2 2 2 2 2 2 2 2 2 2 2 2 2 2 2 2 2 2 2 2 2 2 2 2 2 2 2 2 2 2 2 2 2 2 2
left_child=1 4 3 -3 23 6 8 50 -2 -6 24 -12 20 28 -5 44 17 19 59 61 21 22 -10 -1 -9 55 27 37 29 -7 47 -32 -30 -34 36 -36 -4 40 39 -39 41 42 -18 -22 -16 -11 -47 48 -31 60 -8 52 53 54 -17 56 57 -26 -57 -19 -43 -14
right_child=5 2 34 14 9 13 7 10 12 45 11 -13 16 -15 15 51 26 18 -20 -21 43 -23 -24 -25 25 -27 -28 -29 32 30 31 -33 33 -35 35 -37 -38 38 -40 -41 -42 49 -44 -45 -46 46 -48 -49 -50 -51 -52 -53 -54 -55 -56 58 -58 -59 -60 -61 -62 -63
leaf_value=-0.0079450208505709163 -0.022501642477767137 -0.012358908405930142 -0.0050145621384558234 0.01681001701562319 -0.012647321302647962 -0.034767359362828924 -0.0059310452679868795 0.006179750198220639 0.0045942690880670508 -0.019120611484049928 -0.028666686198193948 0.011135252514717354 0.0080353786598295826 0.016142360174933881 -0.0027322046676084896 0.0077449053085707036 0.00010521133413803768 -0.041583565660855276 0.010160585853465234 -0.010630193954923275 -0.0050396579748085138 0.015405054227305301 -0.016709700869968955 -0.014675326583529739 -0.025670122135581102 -0.026364079018242021 -0.022047527753609159 -0.037349997100137783 0.014333410118195784 -0.022462228477379324 -0.035848851300258146 0.010595133300867378 0.018207925436720781 -0.020859019250443443 -0.023010906310520603 0.021236086304939145 0.020298272121433782 -0.042530923410006687 0.023396111216493518 0.017573784949170113 -0.014241363162765265 0.00722973666092589 -0.046557408377676933 0.018509477683713201 -0.035441406536458747 0.024021125270554861 -0.014131641329549766 0.018443506189191321 0.016747421595012923 0.017228454237352694 0.020887434053043035 0.010429864960599619 0.021066375802761387 -0.048187057734156491 -0.022709094456105347 -0.017128244677960595 0.013304597023315701 0.025287467024397214 0.013325782387185719 -0.0029017025765802201 -0.02632122184494293 0.018596206301731737
leaf_weight=195.99422032375423 9.3379221497307281 142.40479449532631 10.706674607710736 39.105595903776702 19.760024084564066 5.6456786155904402 9.1233394021401164 20.966715476613899 57.861947890771262 3.67550724095054 5.0326385372900395 41.766791610414657 270.16140891215764 222.56133058687556 16.088225849554878 14.837702221349906 10.343608336417672 6.9330418206081976 13.475371103417272 17.034796338874003 10.773700080811976 78.076488709819387 19.640913852861559 669.91094371767122 28.184849025703446 26.714966358711536 11.498553742421789 3.1995330187492064 138.19858327531256 7.5508860724221432 7.7509383881624672 4.8843737163006136 16.754855380393565 16.796046973438933 9.1397376193235669 5.5139747902285299 54.454712108446984 7.9485286491108109 3.1384416935034087 1.7822713940404353 13.635369832860304 17.574641833110949 2.7399071719264603 138.56476571593885 7.3511129538528612 24.252498064102841 4.0098834121599785 27.604236284678336 5.4168710474623367 55.966248243305017 26.153887945431052 70.132266728722243 6.8867962717486071 3.763974866084026 8.3752034471726784 8.5919778747775144 6.7758151275338596 2.4849199067102736 18.586530456079345 6.4977262886532117 4.8928297717866363 54.567250270247314
leaf_count=25999 645 27838 684 633 1559 213 488 611 2780 169 300 1666 6158 2254 656 467 583 136 151 454 194 770 1855 132896 2486 2201 1046 126 1345 167 207 72 90 194 276 51 618 538 27 16 743 778 70 1315 515 593 177 292 88 1143 533 1968 153 152 583 350 183 23 528 159 351 1178
internal_value=0.000113479 -0.00850548 0.000290862 -0.00275071 -0.0122317 0.00781124 0.00585004 -0.0012253 0.00753932 0.00331775 -0.00466278 0.00628215 0.00791838 0.0121533 0.00547183 0.00186537 0.00541797 0.00760936 -0.00733036 0.00881223 0.011989 0.00730429 -0.000910487 -0.0131663 -0.00926536 -0.0128718 -0.000658214 0.00150993 0.00823739 -0.000609185 0.00353442 -0.0182149 0.0112722 -0.00130037 0.0119896 -0.00587677 0.0160808 0.00289357 -0.016502 -0.0306309 0.00542869 0.00851405 -0.0120657 0.0167684 -0.0141437 0.0133705 0.0182075 0.0106552 -0.00584245 0.0120934 0.0138967 0.00560253 -0.00432131 -0.011431 -0.00360307 -0.00693172 -0.0143475 -0.0207786 0.00332566 -0.0245753 -0.000759209 0.00987087
internal_weight=2769.56 1306.36 388.761 308.946 917.603 1463.19 1010.03 194.382 815.645 51.6979 159.105 46.7994 806.307 453.164 166.541 127.435 501.39 368.67 26.9061 341.763 304.918 155.579 77.5029 865.905 112.306 91.3391 132.72 121.221 230.602 58.853 53.2073 12.6353 171.749 33.5509 79.8151 14.6537 65.1614 118.022 12.8692 9.7308 105.153 91.5172 13.0835 149.338 23.4393 31.9379 28.2624 40.572 12.9678 78.4337 35.2772 103.996 33.8637 26.9769 23.2129 64.6241 37.4456 30.6698 27.1785 13.4308 22.4675 324.729
internal_count=231494 195987 34594 32965 161393 35507 30585 9369 21216 2498 8348 1966 20571 4922 5127 4494 13657 8236 446 7790 6914 5405 4635 158895 6382 5771 5421 4375 2668 1039 826 279 1629 284 1629 327 1302 4249 581 554 3668 2925 653 1509 1171 939 770 547 255 2272 1021 3323 1355 1202 1050 3570 2692 2509 878 295 1129 7336
is_linear=0
shrinkage=0.03


Tree=42
num_leaves=63
num_cat=0
split_feature=178 27 71 52 57 51 92 178 175 61 105 42 89 31 114 92 159 22 140 92 175 167 117 97 167 166 167 128 136 67 95 138 147 30 92 117 133 95 43 160 178 32 96 117 166 110 180 128 108 30 76 121 138 87 166 160 90 58 133 106 175 95
split_gain=146.68 35.4797 30.4286 19.4047 19.2174 14.7022 14.5474 18.2634 14.0904 15.5231 14.7126 12.228 11.6713 11.3654 18.0988 12.3773 14.7836 11.4382 10.6649 9.9837 10.089 18.187 9.72842 9.66762 8.8043 8.79623 8.76413 8.73026 8.65468 8.65137 8.17562 12.5956 9.2631 10.7616 7.99205 7.85878 7.68623 7.58846 9.34056 8.91144 8.79181 8.58236 8.20085 10.6589 9.41158 9.32881 9.28455 8.18658 7.5512 7.51016 7.60907 8.10359 7.76571 10.8748 9.54159 7.47127 7.33288 7.27671 7.47024 7.43123 7.27109 7.16337
threshold=0.026483099907636646 0.075772918760776534 0.59390893578529369 0.71059799194335949 1.1825332641601565 0.87763634324073803 0.33862985670566564 0.034743253141641624 11.682075977325441 1.1152045726776125 0.32500000298023229 -0.16253280639648435 0.59096962213516246 0.0074869932141155013 0.61070010066032421 0.83250918984413158 456.90332031250006 0.87710893154144298 1.9973780512809756 0.4690015316009522 17.728792190551761 222689720.00000003 0.58241850137710582 0.41702474653720861 201893552.00000003 82956100.000000015 178169528.00000003 0.96409824490547191 0.95441576838493358 0.97083333134651195 -0.24809850752353665 0.91335734724998485 0.5078134834766389 0.0051357513293623933 -0.22460385411977765 0.34821508824825292 0.13933595269918445 0.16958048194646838 1.0311341881752016 1229.1770629882815 0.041801717132329948 0.0096686840988695639 0.70401534438133251 0.5609041452407838 9287119872.0000019 1.0000000180025095e-35 0.04660159349441529 0.80132898688316356 0.5000000149011613 0.0021819792455062275 0.35000000894069677 0.5899280607700349 0.76346543431282055 -0.94166666269302357 501019312.00000006 541.44503784179699 0.23327719420194629 0.99828338623046886 0.40652917325496679 0.58333334326744091 5.5834250450134286 0.57962036132812511
decision_type=2 2 2 2 2 2 2 2 2 2 2 2 2 2 2 2 2 2 2 2 2 2 2 2 2 2 2 2 2 2 2 2 2 2 2 2 2 2 2 2 2 2 2 2 2 2 2 2 2 2 2 2 2 2 2 2 2 2 2 2 2 2
left_child=1 2 -1 25 5 13 18 -8 10 12 -3 -7 22 15 23 16 17 26 30 20 21 -4 49 -15 -17 27 -5 -2 37 57 35 60 -33 -34 36 -6 -22 38 47 40 -39 -40 43 -42 -45 -46 -44 -27 -23 50 52 -52 53 -10 -55 -31 -43 58 -18 -59 -32 -41
right_child=3 8 19 4 6 11 7 -9 9 -11 -12 -13 -14 14 -16 24 29 -19 -20 -21 34 48 -24 -25 -26 28 -28 -29 -30 55 31 32 33 -35 -36 -37 -38 39 41 61 42 56 46 44 45 -47 -48 -49 -50 -51 51 -53 -54 54 -56 -57 -58 59 -60 -61 -62 -63
leaf_value=-0.01583921960331118 0.0096205350692312001 0.022284612693508798 -0.011352001606998188 -0.015420361152320016 -0.005421232954138923 0.01812212345359434 -0.024485204573132042 0.011011715064719468 0.019155044575460498 -0.043257712005979797 -0.0089160105521376293 -0.013451859063558174 -0.011470007516687208 -0.017547014628674275 -0.034100696942057564 -0.0054786030323092424 0.017707184554024254 -0.014771591387239045 -0.014184392597447682 -0.012846929158480999 0.013705710393460682 -0.0090558866210277977 -0.014021512617508268 0.01148541484460344 0.029527506101284001 0.017622182098441928 0.02052278752841414 -0.020898855725982532 -0.019527932530966182 0.016006030852732469 -0.0065478860392222228 0.0075539981465667103 -0.022862058853635087 0.023445845833899179 0.0087433101123999442 0.023319448341230078 -0.022680067497702513 0.01369719908444653 0.012808681308099376 0.020478764757940488 -0.029460594975312317 -0.030412899356680068 0.011165606480607148 0.0097730464922431062 0.017033321062516441 -0.035265613529854467 -0.047959857045820641 -0.032199694277364549 0.015334959172170882 0.025323438707446643 0.0024825355442845594 -0.048978991918754003 0.0146217110965009 -0.022205619440794834 0.010645221866690015 -0.033053048342411885 0.0070191460130424902 -0.017207954497001274 -0.012269803189705785 0.021050089494251561 0.018081537937373923 4.863793765180766e-05
leaf_weight=481.46893159719275 16.372726053174123 13.825859347678486 155.23642588282382 8.1145297611437872 9.0690246203448606 11.370121761225162 24.262783552811015 25.976819483243162 16.435661367024295 4.8883193656802169 164.1225347895288 105.43971318274362 28.757716078631347 14.850807447328405 17.411107554464252 7.8814984625932984 83.031491046840529 56.909913137394142 13.235118590295313 104.78429898492504 6.8504522785078761 14.922067016146682 14.741406697918135 28.538389906138036 26.822531138444901 3.237811909406445 17.673028867895482 15.381525654800496 7.4805889996205215 3.5197527656055154 11.482638610825232 43.34957169835252 22.82564979756717 4.6554887423408209 93.069543241075735 76.069255314690963 14.986433255224254 242.06642189019658 54.08002145199498 144.61898709397792 6.1895301026524967 7.9755532779381637 3.5835310549009574 158.43380759496358 3.9341143977362645 7.5983391937770648 4.4524145462855813 10.106175974582582 39.896411270136014 25.988580100689433 7.5659959664408216 3.1672482858411968 98.015944240134559 20.353601678829364 11.778866830689365 6.751520814417745 9.077563419705255 13.188871062608088 7.3959454191499381 5.7321459404774933 93.087496915697557 17.613784077751916
leaf_count=97202 593 281 30994 1336 187 371 1905 833 216 162 20679 13776 1809 1040 942 731 1649 8765 561 15403 104 917 886 1030 181 93 247 909 544 43 803 1067 805 52 3978 1054 682 4277 876 782 314 138 125 2657 68 266 146 320 405 479 559 182 2344 760 522 421 113 642 406 87 1449 235
internal_value=-0.000138396 -0.00736952 -0.0106631 0.00644331 0.00302447 -0.00124773 0.00848773 -0.00621596 -2.76927e-05 0.00483243 -0.0063641 -0.0102253 0.00606742 0.0022858 -0.00916994 0.00526319 0.00236025 -0.00732099 0.0112097 -0.00483381 -0.00220927 -0.00611519 0.00867387 0.00130947 0.0215626 0.00997567 0.00894719 -0.00525795 0.0106976 0.00908332 0.0125604 0.00874385 -0.000989676 -0.0143641 0.00489621 0.0201957 -0.0110338 0.0110666 0.00257765 0.0122736 0.00993819 0.0069769 0.00493459 0.00634563 0.00783179 -0.0172497 -0.0229438 -0.0195159 0.00859852 0.0105815 0.00798261 -0.0153276 0.00980206 0 -0.010115 -0.0160468 -0.0110361 0.011595 0.0151152 -0.00499217 0.0153122 0.0182929
internal_weight=2771.7 1320.86 911.215 1450.85 738.645 414.631 324.014 50.2396 409.642 231.693 177.948 116.81 226.805 297.822 60.8003 237.021 202.317 82.6975 273.774 429.746 324.961 210.055 198.047 43.3892 34.704 712.203 25.7876 31.7543 680.449 119.62 260.539 175.401 70.8307 27.4811 114.906 85.1383 21.8369 672.968 84.4771 588.491 426.258 71.1331 184.192 176.156 169.966 11.5325 8.03595 13.344 54.8185 183.306 157.317 10.7332 146.584 48.5681 32.1325 10.2713 17.0531 109.348 90.4274 18.921 104.57 162.233
internal_count=231403 178564 149685 52839 40383 31667 8716 2738 28879 7919 20960 14147 7757 17520 3012 14508 13596 10348 5978 52483 37080 32316 5948 2070 912 12456 1583 1502 10954 3248 5417 4176 1924 857 4764 1241 786 10410 1540 8870 7853 1127 3576 3305 2991 334 271 413 1322 5062 4583 741 3842 1498 1282 464 251 2784 2055 729 2252 1017
is_linear=0
shrinkage=0.03


end of trees

feature_importances:
volume_ma_20=84
STD60=72
STD30=66
volume_ma_5=65
VWAP0=56
CORR60=52
obv=51
atr_14=50
WVMA60=48
CORD30=42
ema_12=38
CORD60=37
boll_std=37
BETA60=34
MAX60=34
WVMA10=34
CORR10=32
WVMA5=32
ema_60=32
CORD20=31
SUMP60=31
volatility_10=31
high_low_spread=31
STD20=30
BETA20=30
QTLU60=30
volatility_20=30
CORR5=29
CORR30=29
volume_ratio=28
RESI60=25
IMAX60=25
IMXD30=25
sma_20=25
macd=25
macd_signal=25
MIN60=24
CORD10=24
VSTD5=24
WVMA20=24
kdj_d=24
CNTD60=23
RSV60=21
IMXD60=21
STD10=20
CORR20=20
VSTD10=20
rsi=19
RSV30=18
VSTD20=17
VSTD30=17
MA60=16
RESI30=16
IMIN30=16
CORD5=16
CNTP60=16
VSTD60=16
ROC60=15
STD5=15
IMXD20=15
BETA30=14
RESI10=14
MIN30=14
SUMP30=14
SUMN30=14
sma_5=14
kdj_k=14
KUP=13
BETA10=13
MAX30=13
QTLD60=13
RSV20=13
IMIN60=13
WVMA30=13
MA30=12
BETA5=12
MIN20=12
RSV10=12
VMA60=12
ema_26=12
KLEN=11
MAX5=11
QTLD10=11
SUMD30=11
LOW0=10
RESI20=10
MIN5=10
CNTP30=10
CNTN60=10
VMA10=10
VSUMP5=10
VSUMP20=10
return_5=10
ROC5=9
ROC20=9
ROC30=9
MAX20=9
QTLD30=9
SUMP20=9
VSUMN20=9
HIGH0=8
QTLU5=8
QTLU20=8
QTLU30=8
QTLD20=8
SUMP10=8
SUMN20=8
VMA5=8
VMA30=8
VSUMN5=8
open_close_spread=8
low_close_spread=8
KUP2=7
RESI5=7
MAX10=7
MIN10=7
CNTD30=7
VSUMN30=7
VSUMN60=7
boll_mid=7
KLOW2=6
MA20=6
QTLU10=6
CNTN20=6
SUMN5=6
SUMN60=6
SUMD20=6
VSUMP10=6
VSUMP30=6
VSUMD30=6
volume_change=6
kdj_j=6
KLOW=5
KSFT2=5
MA5=5
MA10=5
RSV5=5
IMAX30=5
CNTD20=5
SUMN10=5
SUMD60=5
VMA20=5
VSUMP60=5
VSUMD5=5
return_1=5
high_close_spread=5
ROC10=4
QTLD5=4
RANK30=4
IMXD10=4
CNTP20=4
CNTN30=4
SUMD5=4
VSUMN10=4
IMIN20=3
CNTD5=3
SUMP5=3
SUMD10=3
VSUMD20=3
VSUMD60=3
return_10=3
KMID=2
KMID2=2
RANK5=2
RANK60=2
IMAX5=2
IMAX10=2
IMAX20=2
IMIN10=2
CNTP10=2
CNTD10=2
VSUMD10=2
KSFT=1
OPEN0=1
RANK10=1
RANK20=1
IMXD5=1
CNTP5=1

parameters:
[boosting: gbdt]
[objective: lambdarank]
[metric: custom]
[tree_learner: serial]
[device_type: cpu]
[data_sample_strategy: bagging]
[data: ]
[valid: ]
[num_iterations: 43]
[learning_rate: 0.03]
[num_leaves: 63]
[num_threads: 8]
[seed: 2026]
[deterministic: 1]
[force_col_wise: 1]
[force_row_wise: 0]
[histogram_pool_size: -1]
[max_depth: -1]
[min_data_in_leaf: 100]
[min_sum_hessian_in_leaf: 0.001]
[bagging_fraction: 0.8]
[pos_bagging_fraction: 1]
[neg_bagging_fraction: 1]
[bagging_freq: 1]
[bagging_seed: 2026]
[bagging_by_query: 0]
[feature_fraction: 0.75]
[feature_fraction_bynode: 1]
[feature_fraction_seed: 2026]
[extra_trees: 0]
[extra_seed: 4728]
[early_stopping_round: 0]
[early_stopping_min_delta: 0]
[first_metric_only: 0]
[max_delta_step: 0]
[lambda_l1: 0.1]
[lambda_l2: 1]
[linear_lambda: 0]
[min_gain_to_split: 0]
[drop_rate: 0.1]
[max_drop: 50]
[skip_drop: 0.5]
[xgboost_dart_mode: 0]
[uniform_drop: 0]
[drop_seed: 5409]
[top_rate: 0.2]
[other_rate: 0.1]
[min_data_per_group: 100]
[max_cat_threshold: 32]
[cat_l2: 10]
[cat_smooth: 10]
[max_cat_to_onehot: 4]
[top_k: 20]
[monotone_constraints: ]
[monotone_constraints_method: basic]
[monotone_penalty: 0]
[feature_contri: ]
[forcedsplits_filename: ]
[refit_decay_rate: 0.9]
[cegb_tradeoff: 1]
[cegb_penalty_split: 0]
[cegb_penalty_feature_lazy: ]
[cegb_penalty_feature_coupled: ]
[path_smooth: 0]
[interaction_constraints: ]
[verbosity: -1]
[saved_feature_importance_type: 0]
[use_quantized_grad: 0]
[num_grad_quant_bins: 4]
[quant_train_renew_leaf: 0]
[stochastic_rounding: 1]
[linear_tree: 0]
[max_bin: 255]
[max_bin_by_feature: ]
[min_data_in_bin: 3]
[bin_construct_sample_cnt: 200000]
[data_random_seed: 2026]
[is_enable_sparse: 1]
[enable_bundle: 1]
[use_missing: 1]
[zero_as_missing: 0]
[feature_pre_filter: 1]
[pre_partition: 0]
[two_round: 0]
[header: 0]
[label_column: ]
[weight_column: ]
[group_column: ]
[ignore_column: ]
[categorical_feature: ]
[forcedbins_filename: ]
[precise_float_parser: 0]
[parser_config_file: ]
[objective_seed: 199]
[num_class: 1]
[is_unbalance: 0]
[scale_pos_weight: 1]
[sigmoid: 1]
[boost_from_average: 1]
[reg_sqrt: 0]
[alpha: 0.9]
[fair_c: 1]
[poisson_max_delta_step: 0.7]
[tweedie_variance_power: 1.5]
[lambdarank_truncation_level: 5]
[lambdarank_norm: 1]
[label_gain: 0,1,3,7,15,31,63,127,255,511]
[lambdarank_position_bias_regularization: 0]
[eval_at: ]
[multi_error_top_k: 1]
[auc_mu_weights: ]
[num_machines: 1]
[local_listen_port: 12400]
[time_out: 120]
[machine_list_filename: ]
[machines: ]
[gpu_platform_id: -1]
[gpu_device_id: -1]
[gpu_use_dp: 0]
[num_gpu: 1]

end of parameters

pandas_categorical:null
